sample_ID,corral,fish_ID,organ,counter,particle_number,count_ID,comments,spectroscopy_analyst,spectroscopy_method,spectroscopy_ID,comments_2,match_but_not_right,measured_by,length,width,file_name,comments_3,aspect_ratio
B_4_F,B,B4,Fillet,,NA,NA,,,NA,NA,,,,,,,,
B_4_G,B,B4,Gill,,NA,NA,,,NA,NA,,,,,,,,
B_4_GIT,B,B4,GIT,,NA,NA,,,NA,NA,,,,,,,,
B_4_L,B,B4,Liver,,NA,NA,,,NA,NA,,,,,,,,
C_10_F,C,C10,Fillet,,NA,NA,,,NA,NA,,,,,,,,
C_10_G,C,C10,Gill,,NA,NA,,,NA,NA,,,,,,,,
C_10_GIT,C,C10,GIT,Maddy,1,PS,,Gloria,Raman,PS,,,Mira,0.536,0.324,C_10_GIT_1,,1.654320988
C_10_GIT,C,C10,GIT,Maddy,2,PS,,Gloria,Raman,PS,,,Mira,0.443,0.397,C_10_GIT_2,,1.115869018
C_10_GIT,C,C10,GIT,Maddy,3,PS,,Gloria,Raman,PS,,,Mira,0.306,0.212,C_10_GIT_3,,1.443396226
C_10_GIT,C,C10,GIT,Maddy,4,PE,,Gloria,Raman,PE,,,Mira,0.428,0.329,C_10_GIT_4,,1.300911854
C_10_GIT,C,C10,GIT,Maddy,5,unknown,,Gloria,Raman,unknown,,,Mira,0.151,0.106,C_10_GIT_5,,1.424528302
C_10_GIT,C,C10,GIT,Maddy,6,unknown,,Gloria,Raman,quartz,,,Mira,0.485,0.359,C_10_GIT_6,,1.35097493
C_10_GIT,C,C10,GIT,Maddy,7,unknown,,Gloria,Raman,PP,,,Mira,0.622,0.238,C_10_GIT_7,,2.613445378
C_10_GIT,C,C10,GIT,Maddy,8,PE,,Gloria,Raman,PE,,,Mira,0.279,0.135,C_10_GIT_8,,2.066666667
C_10_GIT,C,C10,GIT,Maddy,9,unknown,,Gloria,Raman,Quartz,,,Mira,0.155,0.132,C_10_GIT_9,,1.174242424
C_10_GIT,C,C10,GIT,Maddy,10,unknown,,Gloria,Raman,PET,,,Mira,0.142,0.075,C_10_GIT_10,,1.893333333
C_10_GIT,C,C10,GIT,Maddy,11,PE,,Gloria,Raman,PE,,,Mira,0.131,0.106,C_10_GIT_11,,1.235849057
C_10_GIT,C,C10,GIT,Maddy,12,PS,,Gloria,Raman,PS,,,Mira,0.115,0.076,C_10_GIT_12,,1.513157895
C_10_GIT,C,C10,GIT,Maddy,13,PE,,Gloria,Raman,PE,,,Mira,0.196,0.149,C_10_GIT_13,,1.315436242
C_10_L,C,C10,Liver,,NA,NA,,,NA,NA,,,,,,,,
C_11_F,C,C11,Fillet,,NA,NA,,,NA,NA,,,,,,,,
C_11_G,C,C11,Gill,Mira,1,unknown,Unsure if ELA Plastic,Gloria,Raman,unknown,,,Mira,0.2,0.118,C_11_G_1,,1.694915254
C_11_GIT,C,C11,GIT,Maddy,1,PS,,Gloria,Raman,PS,,,Mira,0.131,0.097,C_11_GIT_1,,1.350515464
C_11_GIT,C,C11,GIT,Maddy,2,PE,,Gloria,Raman,PE,,,Mira,0.303,0.226,C_11_GIT_2,,1.340707965
C_11_GIT,C,C11,GIT,Maddy,3,PS,,Gloria,Raman,PS,,,Mira,0.085,0.061,C_11_GIT_3,,1.393442623
C_11_GIT,C,C11,GIT,Maddy,4,PS,,Gloria,Raman,PS,,,Mira,0.453,0.22,C_11_GIT_4,,2.059090909
C_11_GIT,C,C11,GIT,Maddy,5,PS,,Gloria,Raman,PS,,,Mira,0.123,0.078,C_11_GIT_5,,1.576923077
C_11_GIT,C,C11,GIT,Maddy,6,PS,,Gloria,Raman,PS,,,Mira,0.145,0.118,C_11_GIT_6,,1.228813559
C_11_GIT,C,C11,GIT,Maddy,7,PS,,Gloria,Raman,PS,,,Mira,0.264,0.223,C_11_GIT_7,,1.183856502
C_11_GIT,C,C11,GIT,Maddy,8,PS,,Gloria,Raman,PS,,,Mira,0.127,0.085,C_11_GIT_8,,1.494117647
C_11_GIT,C,C11,GIT,Maddy,9,PS,,Gloria,Raman,PS,,,Mira,0.116,0.096,C_11_GIT_9,,1.208333333
C_11_GIT,C,C11,GIT,Maddy,10,unknown,,Gloria,Raman,PET,,,Mira,0.14,0.11,C_11_GIT_10,,1.272727273
C_11_GIT,C,C11,GIT,Maddy,11,PS,,Gloria,Raman,PS,,,Mira,0.147,0.1,C_11_GIT_11,,1.47
C_11_GIT,C,C11,GIT,Maddy,12,PS,,Gloria,Raman,PS,,,Mira,0.133,0.087,C_11_GIT_12,,1.528735632
C_11_GIT,C,C11,GIT,Maddy,13,unknown,,Gloria,Raman,Quartz,,,Mira,0.064,0.045,C_11_GIT_13,,1.422222222
C_11_L,C,C11,Liver,,NA,NA,,,NA,NA,,,,,,,,
C_9_F,C,C9,Fillet,Mira,1,PS,,Mira,FTIR,PP,,,Mira,0.26,0.108,C_9_F_1,,2.407407407
C_9_G,C,C9,Gill,,NA,NA,,,NA,NA,,,,,,,,
C_9_GIT,C,C9,GIT,Maddy,1,unknown,,Gloria,Raman,PET,,,Mira,0.358,0.198,C_9_GIT_1,,1.808080808
C_9_GIT,C,C9,GIT,Maddy,2,unknown,,Gloria,Raman,PET,,,Mira,0.455,0.286,C_9_GIT_2,,1.590909091
C_9_GIT,C,C9,GIT,Maddy,3,unknown,,Gloria,Raman,PET,,,Mira,0.333,0.293,C_9_GIT_3,,1.136518771
C_9_GIT,C,C9,GIT,Maddy,4,PS,,Gloria,Raman,PS,,,Mira,0.154,0.132,C_9_GIT_4,,1.166666667
C_9_GIT,C,C9,GIT,Maddy,5,PE,,Gloria,Raman,PE,,,Mira,0.329,0.152,C_9_GIT_5,,2.164473684
C_9_GIT,C,C9,GIT,Maddy,6,unknown,,Gloria,Raman,PET,,,Mira,0.424,0.332,C_9_GIT_6,,1.277108434
C_9_GIT,C,C9,GIT,Maddy,7,PE,,Gloria,Raman,PE,,,Mira,0.433,0.345,C_9_GIT_7,,1.255072464
C_9_GIT,C,C9,GIT,Maddy,8,unknown,,Gloria,Raman,Cellulosic,,,Mira,0.181,0.093,C_9_GIT_8,,1.946236559
C_9_GIT,C,C9,GIT,Maddy,9,PE,,Gloria,Raman,PE,,,Mira,0.409,0.166,C_9_GIT_9,,2.463855422
C_9_GIT,C,C9,GIT,Maddy,10,PE,,Gloria,Raman,PE,,,Mira,0.117,0.099,C_9_GIT_10,,1.181818182
C_9_GIT,C,C9,GIT,Maddy,11,unknown,,Gloria,Raman,PET,,,Mira,0.348,0.163,C_9_GIT_11,,2.134969325
C_9_L,C,C9,Liver,,NA,NA,,,NA,NA,,,,,,,,
D_7_G,D,D17,Gill,Mira,1,PS,,Gloria,Raman,PS,,,Mira,0.084,0.079,D_7_G_1,,1.063291139
D_7_F,D,D7,Fillet,Mira,1,PS,,Gloria,Raman,PP,,,Mira,0.299,0.042,D_7_F_1,,7.119047619
D_7_F,D,D7,Fillet,Mira,2,PS,,Gloria,Raman,PP,,,Mira,0.232,0.089,D_7_F_2,,2.606741573
D_7_F,D,D7,Fillet,Mira,3,PS,,Gloria,Raman,PP,,,Mira,0.187,0.056,D_7_F_3,,3.339285714
D_7_F,D,D7,Fillet,Mira,4,PS,,Gloria,Raman,PP,,,Mira,0.136,0.102,D_7_F_4,,1.333333333
D_7_F,D,D7,Fillet,Mira,5,PS,,Gloria,Raman,PP,,,Mira,0.137,0.087,D_7_F_5,,1.574712644
D_7_F,D,D7,Fillet,Mira,6,PS,,Gloria,Raman,PP,,,Mira,0.315,0.093,D_7_F_6,,3.387096774
D_7_F,D,D7,Fillet,Mira,7,PS,,Gloria,Raman,PP,,,Mira,0.127,0.091,D_7_F_7,,1.395604396
D_7_F,D,D7,Fillet,Mira,8,PS,There are 6 particles here. The extra 5 were added to the tally,Gloria,Raman,PP,,,Mira,0.12,0.048,D_7_F_8,measured leftmost particle,2.5
D_7_F,D,D7,Fillet,Mira,9,PS,,Gloria,Raman,PP,,,Mira,0.207,0.051,D_7_F_9,,4.058823529
D_7_F,D,D7,Fillet,Mira,10,PS,,Gloria,Raman,PP,,,Mira,0.342,0.148,D_7_F_10,,2.310810811
D_7_F,D,D7,Fillet,Mira,11,unknown,,Gloria,Raman,No match,,,Mira,,,D_7_F_11,missing,
D_7_F,D,D7,Fillet,Mira,12,PS,,,NA,NA,,,,,,,,
D_7_F,D,D7,Fillet,Mira,13,PS,,,NA,NA,,,,,,,,
D_7_F,D,D7,Fillet,Mira,14,PS,,,NA,NA,,,,,,,,
D_7_F,D,D7,Fillet,Mira,15,PS,,,NA,NA,,,,,,,,
D_7_F,D,D7,Fillet,Mira,16,PS,,,NA,NA,,,,,,,,
D_7_F,D,D7,Fillet,Mira,17,PS,,,NA,NA,,,,,,,,
D_7_F,D,D7,Fillet,Mira,18,PS,,,NA,NA,,,,,,,,
D_7_F,D,D7,Fillet,Mira,19,PS,,,NA,NA,,,,,,,,
D_7_F,D,D7,Fillet,Mira,20,PS,,,NA,NA,,,,,,,,
D_7_F,D,D7,Fillet,Mira,21,PS,,,NA,NA,,,,,,,,
D_7_F,D,D7,Fillet,Mira,22,PS,,,NA,NA,,,,,,,,
D_7_F,D,D7,Fillet,Mira,23,PS,,,NA,NA,,,,,,,,
D_7_F,D,D7,Fillet,Mira,24,PS,,,NA,NA,,,,,,,,
D_7_F,D,D7,Fillet,Mira,25,PS,,,NA,NA,,,,,,,,
D_7_F,D,D7,Fillet,Mira,26,PS,,,NA,NA,,,,,,,,
D_7_F,D,D7,Fillet,Mira,27,PS,,,NA,NA,,,,,,,,
D_7_F,D,D7,Fillet,Mira,28,PS,,,NA,NA,,,,,,,,
D_7_F,D,D7,Fillet,Mira,29,PS,,,NA,NA,,,,,,,,
D_7_F,D,D7,Fillet,Mira,30,PS,,,NA,NA,,,,,,,,
D_7_F,D,D7,Fillet,Mira,31,PS,,,NA,NA,,,,,,,,
D_7_F,D,D7,Fillet,Mira,32,PS,,,NA,NA,,,,,,,,
D_7_F,D,D7,Fillet,Mira,33,PS,,,NA,NA,,,,,,,,
D_7_F,D,D7,Fillet,Mira,34,PS,,,NA,NA,,,,,,,,
D_7_F,D,D7,Fillet,Mira,35,PS,,,NA,NA,,,,,,,,
D_7_F,D,D7,Fillet,Mira,36,PS,,,NA,NA,,,,,,,,
D_7_F,D,D7,Fillet,Mira,37,PS,,,NA,NA,,,,,,,,
D_7_F,D,D7,Fillet,Mira,38,PS,,,NA,NA,,,,,,,,
D_7_F,D,D7,Fillet,Mira,39,PS,,,NA,NA,,,,,,,,
D_7_F,D,D7,Fillet,Mira,40,PS,,,NA,NA,,,,,,,,
D_7_F,D,D7,Fillet,Mira,41,PS,,,NA,NA,,,,,,,,
D_7_F,D,D7,Fillet,Mira,42,PS,,,NA,NA,,,,,,,,
D_7_F,D,D7,Fillet,Mira,43,PS,,,NA,NA,,,,,,,,
D_7_F,D,D7,Fillet,Mira,44,PS,,,NA,NA,,,,,,,,
D_7_F,D,D7,Fillet,Mira,45,PS,,,NA,NA,,,,,,,,
D_7_F,D,D7,Fillet,Mira,46,PS,,,NA,NA,,,,,,,,
D_7_GIT,D,D7,GIT,Maddy,1,PS,,Gloria,Raman,PS,,,Mira,0.773,0.68,D_7_GIT_1,,1.136764706
D_7_GIT,D,D7,GIT,Maddy,2,unknown,,Gloria,Raman,PET,,,Mira,0.281,0.229,D_7_GIT_2,,1.227074236
D_7_GIT,D,D7,GIT,Maddy,3,unknown,,Gloria,Raman,PET,,,Mira,0.25,0.204,D_7_GIT_3,,1.225490196
D_7_GIT,D,D7,GIT,Maddy,4,PS,,Gloria,Raman,PS,,,Mira,0.541,0.412,D_7_GIT_4,,1.313106796
D_7_GIT,D,D7,GIT,Maddy,5,PS,,Gloria,Raman,PS,,,Mira,0.786,0.557,D_7_GIT_5,,1.411131059
D_7_GIT,D,D7,GIT,Maddy,6,unknown,,Gloria,Raman,PET,,,Mira,0.873,0.276,D_7_GIT_6,,3.163043478
D_7_GIT,D,D7,GIT,Maddy,7,PS,,Gloria,Raman,PS,,,Mira,0.548,0.467,D_7_GIT_7,,1.173447537
D_7_GIT,D,D7,GIT,Maddy,8,PS,,Gloria,Raman,PS,,,Mira,0.236,0.144,D_7_GIT_8,"2 particles visible, measured leftmost one",1.638888889
D_7_GIT,D,D7,GIT,Maddy,9,PE,,Gloria,Raman,PE,,,Mira,0.302,0.209,D_7_GIT_9,,1.444976077
D_7_GIT,D,D7,GIT,Maddy,10,PS,,Gloria,Raman,PS,,,Mira,0.409,0.353,D_7_GIT_10,,1.158640227
D_7_GIT,D,D7,GIT,Maddy,11,unknown,,Gloria,Raman,PET,,,Mira,0.255,0.177,D_7_GIT_11,,1.440677966
D_7_GIT,D,D7,GIT,Maddy,12,PS,,Gloria,Raman,PS,,,Mira,0.58,0.347,D_7_GIT_12,,1.671469741
D_7_GIT,D,D7,GIT,Maddy,13,PS,,Gloria,Raman,PS,,,Mira,0.283,0.267,D_7_GIT_13,,1.059925094
D_7_GIT,D,D7,GIT,Maddy,14,PS,,Gloria,Raman,PS,,,Mira,0.554,0.476,D_7_GIT_14,,1.163865546
D_7_GIT,D,D7,GIT,Maddy,15,unknown,,Gloria,Raman,PET,,,Mira,0.308,0.295,D_7_GIT_15,,1.044067797
D_7_GIT,D,D7,GIT,Maddy,16,PS,,Gloria,Raman,PS,,,Mira,0.675,0.419,D_7_GIT_16,,1.61097852
D_7_GIT,D,D7,GIT,Maddy,17,PE,,Gloria,Raman,PE,,,Mira,0.447,0.256,D_7_GIT_17,,1.74609375
D_7_GIT,D,D7,GIT,Maddy,18,PE,,Gloria,Raman,PE,,,Mira,0.321,0.258,D_7_GIT_18,,1.244186047
D_7_GIT,D,D7,GIT,Maddy,19,PE,,Gloria,Raman,PE,,,Mira,0.459,0.325,D_7_GIT_19,,1.412307692
D_7_GIT,D,D7,GIT,Maddy,20,PE,,Gloria,Raman,PE,,,Mira,1.11,0.552,D_7_GIT_20,,2.010869565
D_7_GIT,D,D7,GIT,Maddy,21,PE,,Gloria,Raman,PE,,,Mira,0.402,0.216,D_7_GIT_21,,1.861111111
D_7_GIT,D,D7,GIT,Maddy,22,PE,,Gloria,Raman,PE,,,Mira,0.406,0.232,D_7_GIT_22,,1.75
D_7_GIT,D,D7,GIT,Maddy,23,PE,,Gloria,Raman,PE,,,Mira,0.474,0.268,D_7_GIT_23,,1.768656716
D_7_GIT,D,D7,GIT,Maddy,24,PE,,Gloria,Raman,PE,,,Mira,0.378,0.188,D_7_GIT_24,,2.010638298
D_7_GIT,D,D7,GIT,Maddy,25,PE,,Gloria,Raman,PE,,,Mira,0.52,0.215,D_7_GIT_25,,2.418604651
D_7_GIT,D,D7,GIT,Maddy,26,unknown,,Gloria,Raman,PET,,,Mira,0.215,0.225,D_7_GIT_26,,0.955555556
D_7_GIT,D,D7,GIT,Maddy,27,PE,,,NA,NA,,,,,,,,
D_7_GIT,D,D7,GIT,Maddy,28,PE,,,NA,NA,,,,,,,,
D_7_GIT,D,D7,GIT,Maddy,29,PE,,,NA,NA,,,,,,,,
D_7_GIT,D,D7,GIT,Maddy,30,PE,,,NA,NA,,,,,,,,
D_7_GIT,D,D7,GIT,Maddy,31,PE,,,NA,NA,,,,,,,,
D_7_GIT,D,D7,GIT,Maddy,32,PE,,,NA,NA,,,,,,,,
D_7_GIT,D,D7,GIT,Maddy,33,PE,,,NA,NA,,,,,,,,
D_7_GIT,D,D7,GIT,Maddy,34,PE,,,NA,NA,,,,,,,,
D_7_GIT,D,D7,GIT,Maddy,35,PE,,,NA,NA,,,,,,,,
D_7_GIT,D,D7,GIT,Maddy,36,PE,,,NA,NA,,,,,,,,
D_7_GIT,D,D7,GIT,Maddy,37,PE,,,NA,NA,,,,,,,,
D_7_GIT,D,D7,GIT,Maddy,38,PE,,,NA,NA,,,,,,,,
D_7_GIT,D,D7,GIT,Maddy,39,PE,,,NA,NA,,,,,,,,
D_7_GIT,D,D7,GIT,Maddy,40,PE,,,NA,NA,,,,,,,,
D_7_GIT,D,D7,GIT,Maddy,41,PE,,,NA,NA,,,,,,,,
D_7_GIT,D,D7,GIT,Maddy,42,PE,,,NA,NA,,,,,,,,
D_7_GIT,D,D7,GIT,Maddy,43,PE,,,NA,NA,,,,,,,,
D_7_GIT,D,D7,GIT,Maddy,44,PE,,,NA,NA,,,,,,,,
D_7_GIT,D,D7,GIT,Maddy,45,PE,,,NA,NA,,,,,,,,
D_7_GIT,D,D7,GIT,Maddy,46,PE,,,NA,NA,,,,,,,,
D_7_GIT,D,D7,GIT,Maddy,47,PE,,,NA,NA,,,,,,,,
D_7_GIT,D,D7,GIT,Maddy,48,PE,,,NA,NA,,,,,,,,
D_7_GIT,D,D7,GIT,Maddy,49,PE,,,NA,NA,,,,,,,,
D_7_GIT,D,D7,GIT,Maddy,50,PE,,,NA,NA,,,,,,,,
D_7_GIT,D,D7,GIT,Maddy,51,PE,,,NA,NA,,,,,,,,
D_7_GIT,D,D7,GIT,Maddy,52,PE,,,NA,NA,,,,,,,,
D_7_GIT,D,D7,GIT,Maddy,53,PE,,,NA,NA,,,,,,,,
D_7_GIT,D,D7,GIT,Maddy,54,PE,,,NA,NA,,,,,,,,
D_7_GIT,D,D7,GIT,Maddy,55,PE,,,NA,NA,,,,,,,,
D_7_GIT,D,D7,GIT,Maddy,56,PE,,,NA,NA,,,,,,,,
D_7_GIT,D,D7,GIT,Maddy,57,PE,,,NA,NA,,,,,,,,
D_7_GIT,D,D7,GIT,Maddy,58,PE,,,NA,NA,,,,,,,,
D_7_GIT,D,D7,GIT,Maddy,59,PE,,,NA,NA,,,,,,,,
D_7_GIT,D,D7,GIT,Maddy,60,PE,,,NA,NA,,,,,,,,
D_7_GIT,D,D7,GIT,Maddy,61,PE,,,NA,NA,,,,,,,,
D_7_GIT,D,D7,GIT,Maddy,62,PE,,,NA,NA,,,,,,,,
D_7_GIT,D,D7,GIT,Maddy,63,PE,,,NA,NA,,,,,,,,
D_7_GIT,D,D7,GIT,Maddy,64,PE,,,NA,NA,,,,,,,,
D_7_GIT,D,D7,GIT,Maddy,65,PE,,,NA,NA,,,,,,,,
D_7_GIT,D,D7,GIT,Maddy,66,PE,,,NA,NA,,,,,,,,
D_7_GIT,D,D7,GIT,Maddy,67,PE,,,NA,NA,,,,,,,,
D_7_GIT,D,D7,GIT,Maddy,68,PE,,,NA,NA,,,,,,,,
D_7_GIT,D,D7,GIT,Maddy,69,PE,,,NA,NA,,,,,,,,
D_7_GIT,D,D7,GIT,Maddy,70,PE,,,NA,NA,,,,,,,,
D_7_GIT,D,D7,GIT,Maddy,71,PE,,,NA,NA,,,,,,,,
D_7_GIT,D,D7,GIT,Maddy,72,PE,,,NA,NA,,,,,,,,
D_7_GIT,D,D7,GIT,Maddy,73,PE,,,NA,NA,,,,,,,,
D_7_GIT,D,D7,GIT,Maddy,74,PE,,,NA,NA,,,,,,,,
D_7_GIT,D,D7,GIT,Maddy,75,PE,,,NA,NA,,,,,,,,
D_7_GIT,D,D7,GIT,Maddy,76,PE,,,NA,NA,,,,,,,,
D_7_GIT,D,D7,GIT,Maddy,77,PE,,,NA,NA,,,,,,,,
D_7_GIT,D,D7,GIT,Maddy,78,PE,,,NA,NA,,,,,,,,
D_7_GIT,D,D7,GIT,Maddy,79,PE,,,NA,NA,,,,,,,,
D_7_GIT,D,D7,GIT,Maddy,80,PE,,,NA,NA,,,,,,,,
D_7_GIT,D,D7,GIT,Maddy,81,PE,,,NA,NA,,,,,,,,
D_7_GIT,D,D7,GIT,Maddy,82,PE,,,NA,NA,,,,,,,,
D_7_GIT,D,D7,GIT,Maddy,83,PE,,,NA,NA,,,,,,,,
D_7_GIT,D,D7,GIT,Maddy,84,PE,,,NA,NA,,,,,,,,
D_7_GIT,D,D7,GIT,Maddy,85,PE,,,NA,NA,,,,,,,,
D_7_GIT,D,D7,GIT,Maddy,86,PE,,,NA,NA,,,,,,,,
D_7_GIT,D,D7,GIT,Maddy,87,PE,,,NA,NA,,,,,,,,
D_7_GIT,D,D7,GIT,Maddy,88,PE,,,NA,NA,,,,,,,,
D_7_GIT,D,D7,GIT,Maddy,89,PE,,,NA,NA,,,,,,,,
D_7_GIT,D,D7,GIT,Maddy,90,PE,,,NA,NA,,,,,,,,
D_7_GIT,D,D7,GIT,Maddy,91,PE,,,NA,NA,,,,,,,,
D_7_GIT,D,D7,GIT,Maddy,92,PE,,,NA,NA,,,,,,,,
D_7_GIT,D,D7,GIT,Maddy,93,PE,,,NA,NA,,,,,,,,
D_7_GIT,D,D7,GIT,Maddy,94,PE,,,NA,NA,,,,,,,,
D_7_GIT,D,D7,GIT,Maddy,95,PE,,,NA,NA,,,,,,,,
D_7_GIT,D,D7,GIT,Maddy,96,PE,,,NA,NA,,,,,,,,
D_7_GIT,D,D7,GIT,Maddy,97,PE,,,NA,NA,,,,,,,,
D_7_GIT,D,D7,GIT,Maddy,98,PE,,,NA,NA,,,,,,,,
D_7_GIT,D,D7,GIT,Maddy,99,PE,,,NA,NA,,,,,,,,
D_7_GIT,D,D7,GIT,Maddy,100,PE,,,NA,NA,,,,,,,,
D_7_GIT,D,D7,GIT,Maddy,101,PE,,,NA,NA,,,,,,,,
D_7_GIT,D,D7,GIT,Maddy,102,PE,,,NA,NA,,,,,,,,
D_7_GIT,D,D7,GIT,Maddy,103,PE,,,NA,NA,,,,,,,,
D_7_GIT,D,D7,GIT,Maddy,104,PE,,,NA,NA,,,,,,,,
D_7_GIT,D,D7,GIT,Maddy,105,PE,,,NA,NA,,,,,,,,
D_7_GIT,D,D7,GIT,Maddy,106,PE,,,NA,NA,,,,,,,,
D_7_GIT,D,D7,GIT,Maddy,107,PE,,,NA,NA,,,,,,,,
D_7_GIT,D,D7,GIT,Maddy,108,PE,,,NA,NA,,,,,,,,
D_7_GIT,D,D7,GIT,Maddy,109,PE,,,NA,NA,,,,,,,,
D_7_GIT,D,D7,GIT,Maddy,110,PE,,,NA,NA,,,,,,,,
D_7_GIT,D,D7,GIT,Maddy,111,PE,,,NA,NA,,,,,,,,
D_7_GIT,D,D7,GIT,Maddy,112,PE,,,NA,NA,,,,,,,,
D_7_GIT,D,D7,GIT,Maddy,113,PE,,,NA,NA,,,,,,,,
D_7_GIT,D,D7,GIT,Maddy,114,PE,,,NA,NA,,,,,,,,
D_7_GIT,D,D7,GIT,Maddy,115,PE,,,NA,NA,,,,,,,,
D_7_GIT,D,D7,GIT,Maddy,116,PE,,,NA,NA,,,,,,,,
D_7_GIT,D,D7,GIT,Maddy,117,PE,,,NA,NA,,,,,,,,
D_7_GIT,D,D7,GIT,Maddy,118,PE,,,NA,NA,,,,,,,,
D_7_GIT,D,D7,GIT,Maddy,119,PE,,,NA,NA,,,,,,,,
D_7_GIT,D,D7,GIT,Maddy,120,PE,,,NA,NA,,,,,,,,
D_7_GIT,D,D7,GIT,Maddy,121,PE,,,NA,NA,,,,,,,,
D_7_GIT,D,D7,GIT,Maddy,122,PE,,,NA,NA,,,,,,,,
D_7_GIT,D,D7,GIT,Maddy,123,PE,,,NA,NA,,,,,,,,
D_7_GIT,D,D7,GIT,Maddy,124,PE,,,NA,NA,,,,,,,,
D_7_GIT,D,D7,GIT,Maddy,125,PE,,,NA,NA,,,,,,,,
D_7_GIT,D,D7,GIT,Maddy,126,PE,,,NA,NA,,,,,,,,
D_7_GIT,D,D7,GIT,Maddy,127,PE,,,NA,NA,,,,,,,,
D_7_GIT,D,D7,GIT,Maddy,128,PE,,,NA,NA,,,,,,,,
D_7_GIT,D,D7,GIT,Maddy,129,PE,,,NA,NA,,,,,,,,
D_7_GIT,D,D7,GIT,Maddy,130,PE,,,NA,NA,,,,,,,,
D_7_GIT,D,D7,GIT,Maddy,131,PE,,,NA,NA,,,,,,,,
D_7_GIT,D,D7,GIT,Maddy,132,PE,,,NA,NA,,,,,,,,
D_7_GIT,D,D7,GIT,Maddy,133,PE,,,NA,NA,,,,,,,,
D_7_GIT,D,D7,GIT,Maddy,134,PE,,,NA,NA,,,,,,,,
D_7_GIT,D,D7,GIT,Maddy,135,PE,,,NA,NA,,,,,,,,
D_7_GIT,D,D7,GIT,Maddy,136,PE,,,NA,NA,,,,,,,,
D_7_GIT,D,D7,GIT,Maddy,137,PE,,,NA,NA,,,,,,,,
D_7_GIT,D,D7,GIT,Maddy,138,PE,,,NA,NA,,,,,,,,
D_7_GIT,D,D7,GIT,Maddy,139,PE,,,NA,NA,,,,,,,,
D_7_GIT,D,D7,GIT,Maddy,140,PE,,,NA,NA,,,,,,,,
D_7_GIT,D,D7,GIT,Maddy,141,PE,,,NA,NA,,,,,,,,
D_7_GIT,D,D7,GIT,Maddy,142,PE,,,NA,NA,,,,,,,,
D_7_GIT,D,D7,GIT,Maddy,143,PE,,,NA,NA,,,,,,,,
D_7_GIT,D,D7,GIT,Maddy,144,PE,,,NA,NA,,,,,,,,
D_7_GIT,D,D7,GIT,Maddy,145,PE,,,NA,NA,,,,,,,,
D_7_GIT,D,D7,GIT,Maddy,146,PE,,,NA,NA,,,,,,,,
D_7_GIT,D,D7,GIT,Maddy,147,PE,,,NA,NA,,,,,,,,
D_7_GIT,D,D7,GIT,Maddy,148,PE,,,NA,NA,,,,,,,,
D_7_GIT,D,D7,GIT,Maddy,149,PE,,,NA,NA,,,,,,,,
D_7_GIT,D,D7,GIT,Maddy,150,PE,,,NA,NA,,,,,,,,
D_7_GIT,D,D7,GIT,Maddy,151,PE,,,NA,NA,,,,,,,,
D_7_GIT,D,D7,GIT,Maddy,152,PE,,,NA,NA,,,,,,,,
D_7_GIT,D,D7,GIT,Maddy,153,PE,,,NA,NA,,,,,,,,
D_7_GIT,D,D7,GIT,Maddy,154,PE,,,NA,NA,,,,,,,,
D_7_GIT,D,D7,GIT,Maddy,155,PE,,,NA,NA,,,,,,,,
D_7_GIT,D,D7,GIT,Maddy,156,PE,,,NA,NA,,,,,,,,
D_7_GIT,D,D7,GIT,Maddy,157,PE,,,NA,NA,,,,,,,,
D_7_GIT,D,D7,GIT,Maddy,158,PE,,,NA,NA,,,,,,,,
D_7_GIT,D,D7,GIT,Maddy,159,PE,,,NA,NA,,,,,,,,
D_7_GIT,D,D7,GIT,Maddy,160,PE,,,NA,NA,,,,,,,,
D_7_GIT,D,D7,GIT,Maddy,161,PE,,,NA,NA,,,,,,,,
D_7_GIT,D,D7,GIT,Maddy,162,PE,,,NA,NA,,,,,,,,
D_7_GIT,D,D7,GIT,Maddy,163,PE,,,NA,NA,,,,,,,,
D_7_GIT,D,D7,GIT,Maddy,164,PE,,,NA,NA,,,,,,,,
D_7_GIT,D,D7,GIT,Maddy,165,PE,,,NA,NA,,,,,,,,
D_7_GIT,D,D7,GIT,Maddy,166,PE,,,NA,NA,,,,,,,,
D_7_GIT,D,D7,GIT,Maddy,167,PE,,,NA,NA,,,,,,,,
D_7_GIT,D,D7,GIT,Maddy,168,PE,,,NA,NA,,,,,,,,
D_7_GIT,D,D7,GIT,Maddy,169,PE,,,NA,NA,,,,,,,,
D_7_GIT,D,D7,GIT,Maddy,170,PE,,,NA,NA,,,,,,,,
D_7_GIT,D,D7,GIT,Maddy,171,PE,,,NA,NA,,,,,,,,
D_7_GIT,D,D7,GIT,Maddy,172,PE,,,NA,NA,,,,,,,,
D_7_GIT,D,D7,GIT,Maddy,173,PE,,,NA,NA,,,,,,,,
D_7_GIT,D,D7,GIT,Maddy,174,PE,,,NA,NA,,,,,,,,
D_7_GIT,D,D7,GIT,Maddy,175,PE,,,NA,NA,,,,,,,,
D_7_GIT,D,D7,GIT,Maddy,176,PE,,,NA,NA,,,,,,,,
D_7_GIT,D,D7,GIT,Maddy,177,PE,,,NA,NA,,,,,,,,
D_7_GIT,D,D7,GIT,Maddy,178,PE,,,NA,NA,,,,,,,,
D_7_GIT,D,D7,GIT,Maddy,179,PE,,,NA,NA,,,,,,,,
D_7_GIT,D,D7,GIT,Maddy,180,PE,,,NA,NA,,,,,,,,
D_7_GIT,D,D7,GIT,Maddy,181,PE,,,NA,NA,,,,,,,,
D_7_GIT,D,D7,GIT,Maddy,182,PE,,,NA,NA,,,,,,,,
D_7_GIT,D,D7,GIT,Maddy,183,PE,,,NA,NA,,,,,,,,
D_7_GIT,D,D7,GIT,Maddy,184,PE,,,NA,NA,,,,,,,,
D_7_GIT,D,D7,GIT,Maddy,185,PE,,,NA,NA,,,,,,,,
D_7_GIT,D,D7,GIT,Maddy,186,PE,,,NA,NA,,,,,,,,
D_7_GIT,D,D7,GIT,Maddy,187,PE,,,NA,NA,,,,,,,,
D_7_GIT,D,D7,GIT,Maddy,188,PE,,,NA,NA,,,,,,,,
D_7_GIT,D,D7,GIT,Maddy,189,PE,,,NA,NA,,,,,,,,
D_7_GIT,D,D7,GIT,Maddy,190,PE,,,NA,NA,,,,,,,,
D_7_GIT,D,D7,GIT,Maddy,191,PE,,,NA,NA,,,,,,,,
D_7_GIT,D,D7,GIT,Maddy,192,PE,,,NA,NA,,,,,,,,
D_7_GIT,D,D7,GIT,Maddy,193,PE,,,NA,NA,,,,,,,,
D_7_GIT,D,D7,GIT,Maddy,194,PE,,,NA,NA,,,,,,,,
D_7_GIT,D,D7,GIT,Maddy,195,PE,,,NA,NA,,,,,,,,
D_7_GIT,D,D7,GIT,Maddy,196,PE,,,NA,NA,,,,,,,,
D_7_GIT,D,D7,GIT,Maddy,197,PE,,,NA,NA,,,,,,,,
D_7_GIT,D,D7,GIT,Maddy,198,PE,,,NA,NA,,,,,,,,
D_7_GIT,D,D7,GIT,Maddy,199,PE,,,NA,NA,,,,,,,,
D_7_GIT,D,D7,GIT,Maddy,200,PE,,,NA,NA,,,,,,,,
D_7_GIT,D,D7,GIT,Maddy,201,PE,,,NA,NA,,,,,,,,
D_7_GIT,D,D7,GIT,Maddy,202,PE,,,NA,NA,,,,,,,,
D_7_GIT,D,D7,GIT,Maddy,203,PE,,,NA,NA,,,,,,,,
D_7_GIT,D,D7,GIT,Maddy,204,PE,,,NA,NA,,,,,,,,
D_7_GIT,D,D7,GIT,Maddy,205,PE,,,NA,NA,,,,,,,,
D_7_GIT,D,D7,GIT,Maddy,206,PE,,,NA,NA,,,,,,,,
D_7_GIT,D,D7,GIT,Maddy,207,PE,,,NA,NA,,,,,,,,
D_7_GIT,D,D7,GIT,Maddy,208,PE,,,NA,NA,,,,,,,,
D_7_GIT,D,D7,GIT,Maddy,209,PE,,,NA,NA,,,,,,,,
D_7_GIT,D,D7,GIT,Maddy,210,PE,,,NA,NA,,,,,,,,
D_7_GIT,D,D7,GIT,Maddy,211,PE,,,NA,NA,,,,,,,,
D_7_GIT,D,D7,GIT,Maddy,212,PE,,,NA,NA,,,,,,,,
D_7_GIT,D,D7,GIT,Maddy,213,PE,,,NA,NA,,,,,,,,
D_7_GIT,D,D7,GIT,Maddy,214,PE,,,NA,NA,,,,,,,,
D_7_GIT,D,D7,GIT,Maddy,215,PE,,,NA,NA,,,,,,,,
D_7_GIT,D,D7,GIT,Maddy,216,PE,,,NA,NA,,,,,,,,
D_7_GIT,D,D7,GIT,Maddy,217,PE,,,NA,NA,,,,,,,,
D_7_GIT,D,D7,GIT,Maddy,218,PE,,,NA,NA,,,,,,,,
D_7_GIT,D,D7,GIT,Maddy,219,PE,,,NA,NA,,,,,,,,
D_7_GIT,D,D7,GIT,Maddy,220,PE,,,NA,NA,,,,,,,,
D_7_GIT,D,D7,GIT,Maddy,221,PE,,,NA,NA,,,,,,,,
D_7_GIT,D,D7,GIT,Maddy,222,PE,,,NA,NA,,,,,,,,
D_7_GIT,D,D7,GIT,Maddy,223,PE,,,NA,NA,,,,,,,,
D_7_GIT,D,D7,GIT,Maddy,224,PE,,,NA,NA,,,,,,,,
D_7_GIT,D,D7,GIT,Maddy,225,PE,,,NA,NA,,,,,,,,
D_7_GIT,D,D7,GIT,Maddy,226,PE,,,NA,NA,,,,,,,,
D_7_GIT,D,D7,GIT,Maddy,227,PE,,,NA,NA,,,,,,,,
D_7_GIT,D,D7,GIT,Maddy,228,PE,,,NA,NA,,,,,,,,
D_7_GIT,D,D7,GIT,Maddy,229,PE,,,NA,NA,,,,,,,,
D_7_GIT,D,D7,GIT,Maddy,230,PE,,,NA,NA,,,,,,,,
D_7_GIT,D,D7,GIT,Maddy,231,PE,,,NA,NA,,,,,,,,
D_7_GIT,D,D7,GIT,Maddy,232,PE,,,NA,NA,,,,,,,,
D_7_GIT,D,D7,GIT,Maddy,233,PE,,,NA,NA,,,,,,,,
D_7_GIT,D,D7,GIT,Maddy,234,PE,,,NA,NA,,,,,,,,
D_7_GIT,D,D7,GIT,Maddy,235,PE,,,NA,NA,,,,,,,,
D_7_GIT,D,D7,GIT,Maddy,236,PE,,,NA,NA,,,,,,,,
D_7_GIT,D,D7,GIT,Maddy,237,PE,,,NA,NA,,,,,,,,
D_7_GIT,D,D7,GIT,Maddy,238,PE,,,NA,NA,,,,,,,,
D_7_GIT,D,D7,GIT,Maddy,239,PE,,,NA,NA,,,,,,,,
D_7_GIT,D,D7,GIT,Maddy,240,PE,,,NA,NA,,,,,,,,
D_7_GIT,D,D7,GIT,Maddy,241,PE,,,NA,NA,,,,,,,,
D_7_GIT,D,D7,GIT,Maddy,242,PE,,,NA,NA,,,,,,,,
D_7_GIT,D,D7,GIT,Maddy,243,PE,,,NA,NA,,,,,,,,
D_7_GIT,D,D7,GIT,Maddy,244,PE,,,NA,NA,,,,,,,,
D_7_GIT,D,D7,GIT,Maddy,245,PE,,,NA,NA,,,,,,,,
D_7_GIT,D,D7,GIT,Maddy,246,PE,,,NA,NA,,,,,,,,
D_7_GIT,D,D7,GIT,Maddy,247,PE,,,NA,NA,,,,,,,,
D_7_GIT,D,D7,GIT,Maddy,248,PE,,,NA,NA,,,,,,,,
D_7_GIT,D,D7,GIT,Maddy,249,PE,,,NA,NA,,,,,,,,
D_7_GIT,D,D7,GIT,Maddy,250,PE,,,NA,NA,,,,,,,,
D_7_GIT,D,D7,GIT,Maddy,251,PE,,,NA,NA,,,,,,,,
D_7_GIT,D,D7,GIT,Maddy,252,PE,,,NA,NA,,,,,,,,
D_7_GIT,D,D7,GIT,Maddy,253,PE,,,NA,NA,,,,,,,,
D_7_GIT,D,D7,GIT,Maddy,254,PE,,,NA,NA,,,,,,,,
D_7_GIT,D,D7,GIT,Maddy,255,PE,,,NA,NA,,,,,,,,
D_7_GIT,D,D7,GIT,Maddy,256,PE,,,NA,NA,,,,,,,,
D_7_GIT,D,D7,GIT,Maddy,257,PE,,,NA,NA,,,,,,,,
D_7_GIT,D,D7,GIT,Maddy,258,PE,,,NA,NA,,,,,,,,
D_7_GIT,D,D7,GIT,Maddy,259,PE,,,NA,NA,,,,,,,,
D_7_GIT,D,D7,GIT,Maddy,260,PE,,,NA,NA,,,,,,,,
D_7_GIT,D,D7,GIT,Maddy,261,PE,,,NA,NA,,,,,,,,
D_7_GIT,D,D7,GIT,Maddy,262,PE,,,NA,NA,,,,,,,,
D_7_GIT,D,D7,GIT,Maddy,263,PE,,,NA,NA,,,,,,,,
D_7_GIT,D,D7,GIT,Maddy,264,PE,,,NA,NA,,,,,,,,
D_7_GIT,D,D7,GIT,Maddy,265,PE,,,NA,NA,,,,,,,,
D_7_GIT,D,D7,GIT,Maddy,266,PE,,,NA,NA,,,,,,,,
D_7_GIT,D,D7,GIT,Maddy,267,PE,,,NA,NA,,,,,,,,
D_7_GIT,D,D7,GIT,Maddy,268,PE,,,NA,NA,,,,,,,,
D_7_GIT,D,D7,GIT,Maddy,269,PE,,,NA,NA,,,,,,,,
D_7_GIT,D,D7,GIT,Maddy,270,PE,,,NA,NA,,,,,,,,
D_7_GIT,D,D7,GIT,Maddy,271,PE,,,NA,NA,,,,,,,,
D_7_GIT,D,D7,GIT,Maddy,272,PE,,,NA,NA,,,,,,,,
D_7_GIT,D,D7,GIT,Maddy,273,PE,,,NA,NA,,,,,,,,
D_7_GIT,D,D7,GIT,Maddy,274,PE,,,NA,NA,,,,,,,,
D_7_GIT,D,D7,GIT,Maddy,275,PE,,,NA,NA,,,,,,,,
D_7_GIT,D,D7,GIT,Maddy,276,PE,,,NA,NA,,,,,,,,
D_7_GIT,D,D7,GIT,Maddy,277,PE,,,NA,NA,,,,,,,,
D_7_GIT,D,D7,GIT,Maddy,278,PE,,,NA,NA,,,,,,,,
D_7_GIT,D,D7,GIT,Maddy,279,PE,,,NA,NA,,,,,,,,
D_7_GIT,D,D7,GIT,Maddy,280,PE,,,NA,NA,,,,,,,,
D_7_GIT,D,D7,GIT,Maddy,281,PE,,,NA,NA,,,,,,,,
D_7_GIT,D,D7,GIT,Maddy,282,PE,,,NA,NA,,,,,,,,
D_7_GIT,D,D7,GIT,Maddy,283,PE,,,NA,NA,,,,,,,,
D_7_GIT,D,D7,GIT,Maddy,284,PE,,,NA,NA,,,,,,,,
D_7_GIT,D,D7,GIT,Maddy,285,PE,,,NA,NA,,,,,,,,
D_7_GIT,D,D7,GIT,Maddy,286,PE,,,NA,NA,,,,,,,,
D_7_GIT,D,D7,GIT,Maddy,287,PE,,,NA,NA,,,,,,,,
D_7_GIT,D,D7,GIT,Maddy,288,PE,,,NA,NA,,,,,,,,
D_7_GIT,D,D7,GIT,Maddy,289,PE,,,NA,NA,,,,,,,,
D_7_GIT,D,D7,GIT,Maddy,290,PE,,,NA,NA,,,,,,,,
D_7_GIT,D,D7,GIT,Maddy,291,PE,,,NA,NA,,,,,,,,
D_7_GIT,D,D7,GIT,Maddy,292,PE,,,NA,NA,,,,,,,,
D_7_GIT,D,D7,GIT,Maddy,293,PE,,,NA,NA,,,,,,,,
D_7_GIT,D,D7,GIT,Maddy,294,PE,,,NA,NA,,,,,,,,
D_7_GIT,D,D7,GIT,Maddy,295,PE,,,NA,NA,,,,,,,,
D_7_GIT,D,D7,GIT,Maddy,296,PE,,,NA,NA,,,,,,,,
D_7_GIT,D,D7,GIT,Maddy,297,PE,,,NA,NA,,,,,,,,
D_7_GIT,D,D7,GIT,Maddy,298,PE,,,NA,NA,,,,,,,,
D_7_GIT,D,D7,GIT,Maddy,299,PE,,,NA,NA,,,,,,,,
D_7_GIT,D,D7,GIT,Maddy,300,PE,,,NA,NA,,,,,,,,
D_7_GIT,D,D7,GIT,Maddy,301,PE,,,NA,NA,,,,,,,,
D_7_GIT,D,D7,GIT,Maddy,302,PE,,,NA,NA,,,,,,,,
D_7_GIT,D,D7,GIT,Maddy,303,PE,,,NA,NA,,,,,,,,
D_7_GIT,D,D7,GIT,Maddy,304,PE,,,NA,NA,,,,,,,,
D_7_GIT,D,D7,GIT,Maddy,305,PE,,,NA,NA,,,,,,,,
D_7_GIT,D,D7,GIT,Maddy,306,PE,,,NA,NA,,,,,,,,
D_7_GIT,D,D7,GIT,Maddy,307,PE,,,NA,NA,,,,,,,,
D_7_GIT,D,D7,GIT,Maddy,308,PE,,,NA,NA,,,,,,,,
D_7_GIT,D,D7,GIT,Maddy,309,PE,,,NA,NA,,,,,,,,
D_7_GIT,D,D7,GIT,Maddy,310,PE,,,NA,NA,,,,,,,,
D_7_GIT,D,D7,GIT,Maddy,311,PE,,,NA,NA,,,,,,,,
D_7_GIT,D,D7,GIT,Maddy,312,PE,,,NA,NA,,,,,,,,
D_7_GIT,D,D7,GIT,Maddy,313,PE,,,NA,NA,,,,,,,,
D_7_GIT,D,D7,GIT,Maddy,314,PE,,,NA,NA,,,,,,,,
D_7_GIT,D,D7,GIT,Maddy,315,PE,,,NA,NA,,,,,,,,
D_7_GIT,D,D7,GIT,Maddy,316,PE,,,NA,NA,,,,,,,,
D_7_GIT,D,D7,GIT,Maddy,317,PE,,,NA,NA,,,,,,,,
D_7_GIT,D,D7,GIT,Maddy,318,PE,,,NA,NA,,,,,,,,
D_7_GIT,D,D7,GIT,Maddy,319,PE,,,NA,NA,,,,,,,,
D_7_GIT,D,D7,GIT,Maddy,320,PE,,,NA,NA,,,,,,,,
D_7_GIT,D,D7,GIT,Maddy,321,PE,,,NA,NA,,,,,,,,
D_7_GIT,D,D7,GIT,Maddy,322,PE,,,NA,NA,,,,,,,,
D_7_GIT,D,D7,GIT,Maddy,323,PE,,,NA,NA,,,,,,,,
D_7_GIT,D,D7,GIT,Maddy,324,PE,,,NA,NA,,,,,,,,
D_7_GIT,D,D7,GIT,Maddy,325,PE,,,NA,NA,,,,,,,,
D_7_GIT,D,D7,GIT,Maddy,326,PE,,,NA,NA,,,,,,,,
D_7_GIT,D,D7,GIT,Maddy,327,PE,,,NA,NA,,,,,,,,
D_7_GIT,D,D7,GIT,Maddy,328,PE,,,NA,NA,,,,,,,,
D_7_GIT,D,D7,GIT,Maddy,329,PE,,,NA,NA,,,,,,,,
D_7_GIT,D,D7,GIT,Maddy,330,PE,,,NA,NA,,,,,,,,
D_7_GIT,D,D7,GIT,Maddy,331,PE,,,NA,NA,,,,,,,,
D_7_GIT,D,D7,GIT,Maddy,332,PE,,,NA,NA,,,,,,,,
D_7_GIT,D,D7,GIT,Maddy,333,PE,,,NA,NA,,,,,,,,
D_7_GIT,D,D7,GIT,Maddy,334,PE,,,NA,NA,,,,,,,,
D_7_GIT,D,D7,GIT,Maddy,335,PE,,,NA,NA,,,,,,,,
D_7_GIT,D,D7,GIT,Maddy,336,PE,,,NA,NA,,,,,,,,
D_7_GIT,D,D7,GIT,Maddy,337,PE,,,NA,NA,,,,,,,,
D_7_GIT,D,D7,GIT,Maddy,338,PE,,,NA,NA,,,,,,,,
D_7_GIT,D,D7,GIT,Maddy,339,PE,,,NA,NA,,,,,,,,
D_7_GIT,D,D7,GIT,Maddy,340,PE,,,NA,NA,,,,,,,,
D_7_GIT,D,D7,GIT,Maddy,341,PE,,,NA,NA,,,,,,,,
D_7_GIT,D,D7,GIT,Maddy,342,PE,,,NA,NA,,,,,,,,
D_7_GIT,D,D7,GIT,Maddy,343,PE,,,NA,NA,,,,,,,,
D_7_GIT,D,D7,GIT,Maddy,344,PE,,,NA,NA,,,,,,,,
D_7_GIT,D,D7,GIT,Maddy,345,PE,,,NA,NA,,,,,,,,
D_7_GIT,D,D7,GIT,Maddy,346,PE,,,NA,NA,,,,,,,,
D_7_GIT,D,D7,GIT,Maddy,347,PE,,,NA,NA,,,,,,,,
D_7_GIT,D,D7,GIT,Maddy,348,PE,,,NA,NA,,,,,,,,
D_7_GIT,D,D7,GIT,Maddy,349,PE,,,NA,NA,,,,,,,,
D_7_GIT,D,D7,GIT,Maddy,350,PE,,,NA,NA,,,,,,,,
D_7_GIT,D,D7,GIT,Maddy,351,PE,,,NA,NA,,,,,,,,
D_7_GIT,D,D7,GIT,Maddy,352,PE,,,NA,NA,,,,,,,,
D_7_GIT,D,D7,GIT,Maddy,353,PE,,,NA,NA,,,,,,,,
D_7_GIT,D,D7,GIT,Maddy,354,PE,,,NA,NA,,,,,,,,
D_7_GIT,D,D7,GIT,Maddy,355,PE,,,NA,NA,,,,,,,,
D_7_GIT,D,D7,GIT,Maddy,356,PE,,,NA,NA,,,,,,,,
D_7_GIT,D,D7,GIT,Maddy,357,PE,,,NA,NA,,,,,,,,
D_7_GIT,D,D7,GIT,Maddy,358,PE,,,NA,NA,,,,,,,,
D_7_GIT,D,D7,GIT,Maddy,359,PE,,,NA,NA,,,,,,,,
D_7_GIT,D,D7,GIT,Maddy,360,PE,,,NA,NA,,,,,,,,
D_7_GIT,D,D7,GIT,Maddy,361,PE,,,NA,NA,,,,,,,,
D_7_GIT,D,D7,GIT,Maddy,362,PE,,,NA,NA,,,,,,,,
D_7_GIT,D,D7,GIT,Maddy,363,PE,,,NA,NA,,,,,,,,
D_7_GIT,D,D7,GIT,Maddy,364,PE,,,NA,NA,,,,,,,,
D_7_GIT,D,D7,GIT,Maddy,365,PE,,,NA,NA,,,,,,,,
D_7_GIT,D,D7,GIT,Maddy,366,PE,,,NA,NA,,,,,,,,
D_7_GIT,D,D7,GIT,Maddy,367,PE,,,NA,NA,,,,,,,,
D_7_GIT,D,D7,GIT,Maddy,368,PE,,,NA,NA,,,,,,,,
D_7_GIT,D,D7,GIT,Maddy,369,PE,,,NA,NA,,,,,,,,
D_7_GIT,D,D7,GIT,Maddy,370,PE,,,NA,NA,,,,,,,,
D_7_GIT,D,D7,GIT,Maddy,371,PE,,,NA,NA,,,,,,,,
D_7_GIT,D,D7,GIT,Maddy,372,PE,,,NA,NA,,,,,,,,
D_7_GIT,D,D7,GIT,Maddy,373,PE,,,NA,NA,,,,,,,,
D_7_GIT,D,D7,GIT,Maddy,374,PE,,,NA,NA,,,,,,,,
D_7_GIT,D,D7,GIT,Maddy,375,PE,,,NA,NA,,,,,,,,
D_7_GIT,D,D7,GIT,Maddy,376,PE,,,NA,NA,,,,,,,,
D_7_GIT,D,D7,GIT,Maddy,377,PE,,,NA,NA,,,,,,,,
D_7_GIT,D,D7,GIT,Maddy,378,PE,,,NA,NA,,,,,,,,
D_7_GIT,D,D7,GIT,Maddy,379,PE,,,NA,NA,,,,,,,,
D_7_GIT,D,D7,GIT,Maddy,380,PE,,,NA,NA,,,,,,,,
D_7_GIT,D,D7,GIT,Maddy,381,PE,,,NA,NA,,,,,,,,
D_7_GIT,D,D7,GIT,Maddy,382,PE,,,NA,NA,,,,,,,,
D_7_GIT,D,D7,GIT,Maddy,383,PE,,,NA,NA,,,,,,,,
D_7_GIT,D,D7,GIT,Maddy,384,PE,,,NA,NA,,,,,,,,
D_7_GIT,D,D7,GIT,Maddy,385,PE,,,NA,NA,,,,,,,,
D_7_GIT,D,D7,GIT,Maddy,386,PE,,,NA,NA,,,,,,,,
D_7_GIT,D,D7,GIT,Maddy,387,PE,,,NA,NA,,,,,,,,
D_7_GIT,D,D7,GIT,Maddy,388,PE,,,NA,NA,,,,,,,,
D_7_GIT,D,D7,GIT,Maddy,389,PE,,,NA,NA,,,,,,,,
D_7_GIT,D,D7,GIT,Maddy,390,PE,,,NA,NA,,,,,,,,
D_7_GIT,D,D7,GIT,Maddy,391,PE,,,NA,NA,,,,,,,,
D_7_GIT,D,D7,GIT,Maddy,392,PE,,,NA,NA,,,,,,,,
D_7_GIT,D,D7,GIT,Maddy,393,PE,,,NA,NA,,,,,,,,
D_7_GIT,D,D7,GIT,Maddy,394,PE,,,NA,NA,,,,,,,,
D_7_GIT,D,D7,GIT,Maddy,395,PE,,,NA,NA,,,,,,,,
D_7_GIT,D,D7,GIT,Maddy,396,PE,,,NA,NA,,,,,,,,
D_7_GIT,D,D7,GIT,Maddy,397,PE,,,NA,NA,,,,,,,,
D_7_GIT,D,D7,GIT,Maddy,398,PE,,,NA,NA,,,,,,,,
D_7_GIT,D,D7,GIT,Maddy,399,PE,,,NA,NA,,,,,,,,
D_7_GIT,D,D7,GIT,Maddy,400,PE,,,NA,NA,,,,,,,,
D_7_GIT,D,D7,GIT,Maddy,401,PE,,,NA,NA,,,,,,,,
D_7_GIT,D,D7,GIT,Maddy,402,PE,,,NA,NA,,,,,,,,
D_7_GIT,D,D7,GIT,Maddy,403,PE,,,NA,NA,,,,,,,,
D_7_GIT,D,D7,GIT,Maddy,404,PE,,,NA,NA,,,,,,,,
D_7_GIT,D,D7,GIT,Maddy,405,PE,,,NA,NA,,,,,,,,
D_7_GIT,D,D7,GIT,Maddy,406,PE,,,NA,NA,,,,,,,,
D_7_GIT,D,D7,GIT,Maddy,407,PE,,,NA,NA,,,,,,,,
D_7_GIT,D,D7,GIT,Maddy,408,PE,,,NA,NA,,,,,,,,
D_7_GIT,D,D7,GIT,Maddy,409,PE,,,NA,NA,,,,,,,,
D_7_GIT,D,D7,GIT,Maddy,410,PE,,,NA,NA,,,,,,,,
D_7_GIT,D,D7,GIT,Maddy,411,PE,,,NA,NA,,,,,,,,
D_7_GIT,D,D7,GIT,Maddy,412,PE,,,NA,NA,,,,,,,,
D_7_GIT,D,D7,GIT,Maddy,413,PE,,,NA,NA,,,,,,,,
D_7_GIT,D,D7,GIT,Maddy,414,PE,,,NA,NA,,,,,,,,
D_7_GIT,D,D7,GIT,Maddy,415,PE,,,NA,NA,,,,,,,,
D_7_GIT,D,D7,GIT,Maddy,416,PE,,,NA,NA,,,,,,,,
D_7_GIT,D,D7,GIT,Maddy,417,PE,,,NA,NA,,,,,,,,
D_7_GIT,D,D7,GIT,Maddy,418,PE,,,NA,NA,,,,,,,,
D_7_GIT,D,D7,GIT,Maddy,419,PE,,,NA,NA,,,,,,,,
D_7_GIT,D,D7,GIT,Maddy,420,PE,,,NA,NA,,,,,,,,
D_7_GIT,D,D7,GIT,Maddy,421,PE,,,NA,NA,,,,,,,,
D_7_GIT,D,D7,GIT,Maddy,422,PE,,,NA,NA,,,,,,,,
D_7_GIT,D,D7,GIT,Maddy,423,PE,,,NA,NA,,,,,,,,
D_7_GIT,D,D7,GIT,Maddy,424,PE,,,NA,NA,,,,,,,,
D_7_GIT,D,D7,GIT,Maddy,425,PE,,,NA,NA,,,,,,,,
D_7_GIT,D,D7,GIT,Maddy,426,PE,,,NA,NA,,,,,,,,
D_7_GIT,D,D7,GIT,Maddy,427,PE,,,NA,NA,,,,,,,,
D_7_GIT,D,D7,GIT,Maddy,428,PE,,,NA,NA,,,,,,,,
D_7_GIT,D,D7,GIT,Maddy,429,PE,,,NA,NA,,,,,,,,
D_7_GIT,D,D7,GIT,Maddy,430,PE,,,NA,NA,,,,,,,,
D_7_GIT,D,D7,GIT,Maddy,431,PE,,,NA,NA,,,,,,,,
D_7_GIT,D,D7,GIT,Maddy,432,PE,,,NA,NA,,,,,,,,
D_7_GIT,D,D7,GIT,Maddy,433,PE,,,NA,NA,,,,,,,,
D_7_GIT,D,D7,GIT,Maddy,434,PE,,,NA,NA,,,,,,,,
D_7_GIT,D,D7,GIT,Maddy,435,PE,,,NA,NA,,,,,,,,
D_7_GIT,D,D7,GIT,Maddy,436,PE,,,NA,NA,,,,,,,,
D_7_GIT,D,D7,GIT,Maddy,437,PE,,,NA,NA,,,,,,,,
D_7_GIT,D,D7,GIT,Maddy,438,PE,,,NA,NA,,,,,,,,
D_7_GIT,D,D7,GIT,Maddy,439,PE,,,NA,NA,,,,,,,,
D_7_GIT,D,D7,GIT,Maddy,440,PE,,,NA,NA,,,,,,,,
D_7_GIT,D,D7,GIT,Maddy,441,PE,,,NA,NA,,,,,,,,
D_7_GIT,D,D7,GIT,Maddy,442,PE,,,NA,NA,,,,,,,,
D_7_GIT,D,D7,GIT,Maddy,443,PE,,,NA,NA,,,,,,,,
D_7_GIT,D,D7,GIT,Maddy,444,PE,,,NA,NA,,,,,,,,
D_7_GIT,D,D7,GIT,Maddy,445,PE,,,NA,NA,,,,,,,,
D_7_GIT,D,D7,GIT,Maddy,446,PE,,,NA,NA,,,,,,,,
D_7_GIT,D,D7,GIT,Maddy,447,PE,,,NA,NA,,,,,,,,
D_7_GIT,D,D7,GIT,Maddy,448,PE,,,NA,NA,,,,,,,,
D_7_GIT,D,D7,GIT,Maddy,449,PE,,,NA,NA,,,,,,,,
D_7_GIT,D,D7,GIT,Maddy,450,PE,,,NA,NA,,,,,,,,
D_7_GIT,D,D7,GIT,Maddy,451,PE,,,NA,NA,,,,,,,,
D_7_GIT,D,D7,GIT,Maddy,452,PE,,,NA,NA,,,,,,,,
D_7_GIT,D,D7,GIT,Maddy,453,PE,,,NA,NA,,,,,,,,
D_7_GIT,D,D7,GIT,Maddy,454,PE,,,NA,NA,,,,,,,,
D_7_GIT,D,D7,GIT,Maddy,455,PE,,,NA,NA,,,,,,,,
D_7_GIT,D,D7,GIT,Maddy,456,PE,,,NA,NA,,,,,,,,
D_7_GIT,D,D7,GIT,Maddy,457,PE,,,NA,NA,,,,,,,,
D_7_GIT,D,D7,GIT,Maddy,458,PE,,,NA,NA,,,,,,,,
D_7_GIT,D,D7,GIT,Maddy,459,PE,,,NA,NA,,,,,,,,
D_7_GIT,D,D7,GIT,Maddy,460,PE,,,NA,NA,,,,,,,,
D_7_GIT,D,D7,GIT,Maddy,461,PE,,,NA,NA,,,,,,,,
D_7_GIT,D,D7,GIT,Maddy,462,PE,,,NA,NA,,,,,,,,
D_7_GIT,D,D7,GIT,Maddy,463,PE,,,NA,NA,,,,,,,,
D_7_GIT,D,D7,GIT,Maddy,464,PE,,,NA,NA,,,,,,,,
D_7_GIT,D,D7,GIT,Maddy,465,PE,,,NA,NA,,,,,,,,
D_7_GIT,D,D7,GIT,Maddy,466,PS,,,NA,NA,,,,,,,,
D_7_GIT,D,D7,GIT,Maddy,467,PS,,,NA,NA,,,,,,,,
D_7_GIT,D,D7,GIT,Maddy,468,PS,,,NA,NA,,,,,,,,
D_7_GIT,D,D7,GIT,Maddy,469,PS,,,NA,NA,,,,,,,,
D_7_GIT,D,D7,GIT,Maddy,470,PS,,,NA,NA,,,,,,,,
D_7_GIT,D,D7,GIT,Maddy,471,PS,,,NA,NA,,,,,,,,
D_7_GIT,D,D7,GIT,Maddy,472,PS,,,NA,NA,,,,,,,,
D_7_GIT,D,D7,GIT,Maddy,473,PS,,,NA,NA,,,,,,,,
D_7_GIT,D,D7,GIT,Maddy,474,PS,,,NA,NA,,,,,,,,
D_7_GIT,D,D7,GIT,Maddy,475,PS,,,NA,NA,,,,,,,,
D_7_GIT,D,D7,GIT,Maddy,476,PS,,,NA,NA,,,,,,,,
D_7_GIT,D,D7,GIT,Maddy,477,PS,,,NA,NA,,,,,,,,
D_7_GIT,D,D7,GIT,Maddy,478,PS,,,NA,NA,,,,,,,,
D_7_GIT,D,D7,GIT,Maddy,479,PS,,,NA,NA,,,,,,,,
D_7_GIT,D,D7,GIT,Maddy,480,PS,,,NA,NA,,,,,,,,
D_7_GIT,D,D7,GIT,Maddy,481,PS,,,NA,NA,,,,,,,,
D_7_GIT,D,D7,GIT,Maddy,482,PS,,,NA,NA,,,,,,,,
D_7_GIT,D,D7,GIT,Maddy,483,PS,,,NA,NA,,,,,,,,
D_7_GIT,D,D7,GIT,Maddy,484,PS,,,NA,NA,,,,,,,,
D_7_GIT,D,D7,GIT,Maddy,485,PS,,,NA,NA,,,,,,,,
D_7_GIT,D,D7,GIT,Maddy,486,PS,,,NA,NA,,,,,,,,
D_7_GIT,D,D7,GIT,Maddy,487,PS,,,NA,NA,,,,,,,,
D_7_GIT,D,D7,GIT,Maddy,488,PS,,,NA,NA,,,,,,,,
D_7_GIT,D,D7,GIT,Maddy,489,PS,,,NA,NA,,,,,,,,
D_7_GIT,D,D7,GIT,Maddy,490,PS,,,NA,NA,,,,,,,,
D_7_GIT,D,D7,GIT,Maddy,491,PS,,,NA,NA,,,,,,,,
D_7_GIT,D,D7,GIT,Maddy,492,PS,,,NA,NA,,,,,,,,
D_7_GIT,D,D7,GIT,Maddy,493,PS,,,NA,NA,,,,,,,,
D_7_GIT,D,D7,GIT,Maddy,494,PS,,,NA,NA,,,,,,,,
D_7_GIT,D,D7,GIT,Maddy,495,PS,,,NA,NA,,,,,,,,
D_7_GIT,D,D7,GIT,Maddy,496,PS,,,NA,NA,,,,,,,,
D_7_GIT,D,D7,GIT,Maddy,497,PS,,,NA,NA,,,,,,,,
D_7_GIT,D,D7,GIT,Maddy,498,PS,,,NA,NA,,,,,,,,
D_7_GIT,D,D7,GIT,Maddy,499,PS,,,NA,NA,,,,,,,,
D_7_GIT,D,D7,GIT,Maddy,500,PS,,,NA,NA,,,,,,,,
D_7_GIT,D,D7,GIT,Maddy,501,PS,,,NA,NA,,,,,,,,
D_7_GIT,D,D7,GIT,Maddy,502,PS,,,NA,NA,,,,,,,,
D_7_GIT,D,D7,GIT,Maddy,503,PS,,,NA,NA,,,,,,,,
D_7_GIT,D,D7,GIT,Maddy,504,PS,,,NA,NA,,,,,,,,
D_7_GIT,D,D7,GIT,Maddy,505,PS,,,NA,NA,,,,,,,,
D_7_GIT,D,D7,GIT,Maddy,506,PS,,,NA,NA,,,,,,,,
D_7_GIT,D,D7,GIT,Maddy,507,PS,,,NA,NA,,,,,,,,
D_7_GIT,D,D7,GIT,Maddy,508,PS,,,NA,NA,,,,,,,,
D_7_GIT,D,D7,GIT,Maddy,509,PS,,,NA,NA,,,,,,,,
D_7_GIT,D,D7,GIT,Maddy,510,PS,,,NA,NA,,,,,,,,
D_7_GIT,D,D7,GIT,Maddy,511,PS,,,NA,NA,,,,,,,,
D_7_GIT,D,D7,GIT,Maddy,512,PS,,,NA,NA,,,,,,,,
D_7_GIT,D,D7,GIT,Maddy,513,PS,,,NA,NA,,,,,,,,
D_7_GIT,D,D7,GIT,Maddy,514,PS,,,NA,NA,,,,,,,,
D_7_GIT,D,D7,GIT,Maddy,515,PS,,,NA,NA,,,,,,,,
D_7_GIT,D,D7,GIT,Maddy,516,PS,,,NA,NA,,,,,,,,
D_7_GIT,D,D7,GIT,Maddy,517,PS,,,NA,NA,,,,,,,,
D_7_GIT,D,D7,GIT,Maddy,518,PS,,,NA,NA,,,,,,,,
D_7_GIT,D,D7,GIT,Maddy,519,PS,,,NA,NA,,,,,,,,
D_7_GIT,D,D7,GIT,Maddy,520,PS,,,NA,NA,,,,,,,,
D_7_GIT,D,D7,GIT,Maddy,521,PS,,,NA,NA,,,,,,,,
D_7_GIT,D,D7,GIT,Maddy,522,PS,,,NA,NA,,,,,,,,
D_7_GIT,D,D7,GIT,Maddy,523,PS,,,NA,NA,,,,,,,,
D_7_GIT,D,D7,GIT,Maddy,524,PS,,,NA,NA,,,,,,,,
D_7_GIT,D,D7,GIT,Maddy,525,PS,,,NA,NA,,,,,,,,
D_7_GIT,D,D7,GIT,Maddy,526,PS,,,NA,NA,,,,,,,,
D_7_GIT,D,D7,GIT,Maddy,527,PS,,,NA,NA,,,,,,,,
D_7_GIT,D,D7,GIT,Maddy,528,PS,,,NA,NA,,,,,,,,
D_7_GIT,D,D7,GIT,Maddy,529,PS,,,NA,NA,,,,,,,,
D_7_GIT,D,D7,GIT,Maddy,530,PS,,,NA,NA,,,,,,,,
D_7_GIT,D,D7,GIT,Maddy,531,PS,,,NA,NA,,,,,,,,
D_7_GIT,D,D7,GIT,Maddy,532,PS,,,NA,NA,,,,,,,,
D_7_GIT,D,D7,GIT,Maddy,533,PS,,,NA,NA,,,,,,,,
D_7_GIT,D,D7,GIT,Maddy,534,PS,,,NA,NA,,,,,,,,
D_7_GIT,D,D7,GIT,Maddy,535,PS,,,NA,NA,,,,,,,,
D_7_GIT,D,D7,GIT,Maddy,536,PS,,,NA,NA,,,,,,,,
D_7_GIT,D,D7,GIT,Maddy,537,PS,,,NA,NA,,,,,,,,
D_7_GIT,D,D7,GIT,Maddy,538,PS,,,NA,NA,,,,,,,,
D_7_GIT,D,D7,GIT,Maddy,539,PS,,,NA,NA,,,,,,,,
D_7_GIT,D,D7,GIT,Maddy,540,PS,,,NA,NA,,,,,,,,
D_7_GIT,D,D7,GIT,Maddy,541,PS,,,NA,NA,,,,,,,,
D_7_GIT,D,D7,GIT,Maddy,542,PS,,,NA,NA,,,,,,,,
D_7_GIT,D,D7,GIT,Maddy,543,PS,,,NA,NA,,,,,,,,
D_7_GIT,D,D7,GIT,Maddy,544,PS,,,NA,NA,,,,,,,,
D_7_GIT,D,D7,GIT,Maddy,545,PS,,,NA,NA,,,,,,,,
D_7_GIT,D,D7,GIT,Maddy,546,PS,,,NA,NA,,,,,,,,
D_7_GIT,D,D7,GIT,Maddy,547,PS,,,NA,NA,,,,,,,,
D_7_GIT,D,D7,GIT,Maddy,548,PS,,,NA,NA,,,,,,,,
D_7_GIT,D,D7,GIT,Maddy,549,PS,,,NA,NA,,,,,,,,
D_7_GIT,D,D7,GIT,Maddy,550,PS,,,NA,NA,,,,,,,,
D_7_GIT,D,D7,GIT,Maddy,551,PS,,,NA,NA,,,,,,,,
D_7_GIT,D,D7,GIT,Maddy,552,PS,,,NA,NA,,,,,,,,
D_7_GIT,D,D7,GIT,Maddy,553,PS,,,NA,NA,,,,,,,,
D_7_GIT,D,D7,GIT,Maddy,554,PS,,,NA,NA,,,,,,,,
D_7_GIT,D,D7,GIT,Maddy,555,PS,,,NA,NA,,,,,,,,
D_7_GIT,D,D7,GIT,Maddy,556,PS,,,NA,NA,,,,,,,,
D_7_GIT,D,D7,GIT,Maddy,557,PS,,,NA,NA,,,,,,,,
D_7_GIT,D,D7,GIT,Maddy,558,PS,,,NA,NA,,,,,,,,
D_7_GIT,D,D7,GIT,Maddy,559,PS,,,NA,NA,,,,,,,,
D_7_GIT,D,D7,GIT,Maddy,560,PS,,,NA,NA,,,,,,,,
D_7_GIT,D,D7,GIT,Maddy,561,PS,,,NA,NA,,,,,,,,
D_7_GIT,D,D7,GIT,Maddy,562,PS,,,NA,NA,,,,,,,,
D_7_GIT,D,D7,GIT,Maddy,563,PS,,,NA,NA,,,,,,,,
D_7_GIT,D,D7,GIT,Maddy,564,PS,,,NA,NA,,,,,,,,
D_7_GIT,D,D7,GIT,Maddy,565,PS,,,NA,NA,,,,,,,,
D_7_GIT,D,D7,GIT,Maddy,566,PS,,,NA,NA,,,,,,,,
D_7_GIT,D,D7,GIT,Maddy,567,PS,,,NA,NA,,,,,,,,
D_7_GIT,D,D7,GIT,Maddy,568,PS,,,NA,NA,,,,,,,,
D_7_GIT,D,D7,GIT,Maddy,569,PS,,,NA,NA,,,,,,,,
D_7_GIT,D,D7,GIT,Maddy,570,PS,,,NA,NA,,,,,,,,
D_7_GIT,D,D7,GIT,Maddy,571,PS,,,NA,NA,,,,,,,,
D_7_GIT,D,D7,GIT,Maddy,572,PS,,,NA,NA,,,,,,,,
D_7_GIT,D,D7,GIT,Maddy,573,PS,,,NA,NA,,,,,,,,
D_7_GIT,D,D7,GIT,Maddy,574,PS,,,NA,NA,,,,,,,,
D_7_GIT,D,D7,GIT,Maddy,575,PS,,,NA,NA,,,,,,,,
D_7_GIT,D,D7,GIT,Maddy,576,PS,,,NA,NA,,,,,,,,
D_7_GIT,D,D7,GIT,Maddy,577,PS,,,NA,NA,,,,,,,,
D_7_GIT,D,D7,GIT,Maddy,578,PS,,,NA,NA,,,,,,,,
D_7_GIT,D,D7,GIT,Maddy,579,PS,,,NA,NA,,,,,,,,
D_7_GIT,D,D7,GIT,Maddy,580,PS,,,NA,NA,,,,,,,,
D_7_GIT,D,D7,GIT,Maddy,581,PS,,,NA,NA,,,,,,,,
D_7_GIT,D,D7,GIT,Maddy,582,PS,,,NA,NA,,,,,,,,
D_7_GIT,D,D7,GIT,Maddy,583,PS,,,NA,NA,,,,,,,,
D_7_GIT,D,D7,GIT,Maddy,584,PS,,,NA,NA,,,,,,,,
D_7_GIT,D,D7,GIT,Maddy,585,PS,,,NA,NA,,,,,,,,
D_7_GIT,D,D7,GIT,Maddy,586,PS,,,NA,NA,,,,,,,,
D_7_GIT,D,D7,GIT,Maddy,587,PS,,,NA,NA,,,,,,,,
D_7_GIT,D,D7,GIT,Maddy,588,PS,,,NA,NA,,,,,,,,
D_7_GIT,D,D7,GIT,Maddy,589,PS,,,NA,NA,,,,,,,,
D_7_GIT,D,D7,GIT,Maddy,590,PS,,,NA,NA,,,,,,,,
D_7_GIT,D,D7,GIT,Maddy,591,PS,,,NA,NA,,,,,,,,
D_7_GIT,D,D7,GIT,Maddy,592,PS,,,NA,NA,,,,,,,,
D_7_GIT,D,D7,GIT,Maddy,593,PS,,,NA,NA,,,,,,,,
D_7_GIT,D,D7,GIT,Maddy,594,PS,,,NA,NA,,,,,,,,
D_7_GIT,D,D7,GIT,Maddy,595,PS,,,NA,NA,,,,,,,,
D_7_GIT,D,D7,GIT,Maddy,596,PS,,,NA,NA,,,,,,,,
D_7_GIT,D,D7,GIT,Maddy,597,PS,,,NA,NA,,,,,,,,
D_7_GIT,D,D7,GIT,Maddy,598,PS,,,NA,NA,,,,,,,,
D_7_GIT,D,D7,GIT,Maddy,599,PS,,,NA,NA,,,,,,,,
D_7_GIT,D,D7,GIT,Maddy,600,PS,,,NA,NA,,,,,,,,
D_7_GIT,D,D7,GIT,Maddy,601,PS,,,NA,NA,,,,,,,,
D_7_GIT,D,D7,GIT,Maddy,602,PS,,,NA,NA,,,,,,,,
D_7_GIT,D,D7,GIT,Maddy,603,PS,,,NA,NA,,,,,,,,
D_7_GIT,D,D7,GIT,Maddy,604,PS,,,NA,NA,,,,,,,,
D_7_GIT,D,D7,GIT,Maddy,605,PS,,,NA,NA,,,,,,,,
D_7_GIT,D,D7,GIT,Maddy,606,PS,,,NA,NA,,,,,,,,
D_7_GIT,D,D7,GIT,Maddy,607,PS,,,NA,NA,,,,,,,,
D_7_L,D,D7,Liver,,NA,NA,,,NA,NA,,,,,,,,
D_9_F,D,D9,Fillet,,NA,NA,,,NA,NA,,,,,,,,
D_9_G,D,D9,Gill,Mira,1,PS,,Gloria,Raman,PS,,,Mira,0.267,0.115,D_9_G_1,,2.32173913
D_9_G,D,D9,Gill,Mira,2,PS,,Gloria,Raman,PS,,,Mira,0.324,0.173,D_9_G_2,,1.87283237
D_9_G,D,D9,Gill,Mira,3,PS,,Gloria,Raman,PS,,,Mira,0.141,0.152,D_9_G_3,,0.927631579
D_9_GIT,D,D9,GIT,Maddy,1,PS,,Garth,Raman,PS,,,Mira,0.317,0.288,D_9_GIT_1,,1.100694444
D_9_GIT,D,D9,GIT,Maddy,2,PS,,Garth,Raman,PS,,,Mira,0.659,0.678,D_9_GIT_2,,0.971976401
D_9_GIT,D,D9,GIT,Maddy,3,PS,,Garth,Raman,PS,,,Mira,0.6,0.307,D_9_GIT_3,,1.954397394
D_9_GIT,D,D9,GIT,Maddy,4,PS,,Garth,Raman,PS,,,Mira,0.274,0.266,D_9_GIT_4,,1.030075188
D_9_GIT,D,D9,GIT,Maddy,5,PS,,Garth,Raman,PS,,,Mira,0.372,0.219,D_9_GIT_5,,1.698630137
D_9_GIT,D,D9,GIT,Maddy,6,PS,,Garth,Raman,PS,,,Mira,0.421,0.406,D_9_GIT_6,,1.036945813
D_9_GIT,D,D9,GIT,Maddy,7,PS,,Garth,Raman,PS,,,Mira,0.398,0.249,D_9_GIT_7,,1.598393574
D_9_GIT,D,D9,GIT,Maddy,8,PS,,Garth,Raman,PS,,,Mira,0.454,0.329,D_9_GIT_8,,1.37993921
D_9_GIT,D,D9,GIT,Maddy,9,PS,,Garth,Raman,PS,,,Mira,0.891,0.395,D_9_GIT_9,,2.255696203
D_9_GIT,D,D9,GIT,Maddy,10,unknown,,Garth,Raman,PET,,,Mira,0.264,0.138,D_9_GIT_10,,1.913043478
D_9_GIT,D,D9,GIT,Maddy,11,PS,,Garth,Raman,PS,,,Mira,0.357,0.329,D_9_GIT_11,,1.085106383
D_9_GIT,D,D9,GIT,Maddy,12,unknown,,Garth,Raman,PET,,,Mira,0.304,0.216,D_9_GIT_12,,1.407407407
D_9_GIT,D,D9,GIT,Maddy,13,unknown,,Garth,Raman,PET,,,Mira,0.273,0.143,D_9_GIT_13,,1.909090909
D_9_GIT,D,D9,GIT,Maddy,14,unknown,,Garth,Raman,PET,,,Mira,0.281,0.205,D_9_GIT_14,,1.370731707
D_9_GIT,D,D9,GIT,Maddy,15,unknown,,Garth,Raman,PET,,,Mira,0.384,0.2,D_9_GIT_15,,1.92
D_9_GIT,D,D9,GIT,Maddy,16,unknown,,Garth,Raman,PET,,,Mira,0.49,0.325,D_9_GIT_16,,1.507692308
D_9_GIT,D,D9,GIT,Maddy,17,PE,,Garth,Raman,PE,,,Mira,0.462,0.395,D_9_GIT_17,,1.169620253
D_9_GIT,D,D9,GIT,Maddy,18,PE,,Garth,Raman,PE,,,Mira,0.525,0.318,D_9_GIT_18,,1.650943396
D_9_GIT,D,D9,GIT,Maddy,19,PE,,Garth,Raman,PE,,,Mira,0.574,0.281,D_9_GIT_19,,2.042704626
D_9_GIT,D,D9,GIT,Maddy,20,PE,,Garth,Raman,PE,,,Mira,0.75,0.465,D_9_GIT_20,,1.612903226
D_9_GIT,D,D9,GIT,Maddy,21,PE,,Garth,Raman,PE,,,Mira,0.638,0.503,D_9_GIT_21,,1.268389662
D_9_GIT,D,D9,GIT,Maddy,22,PE,,Garth,Raman,PE,,,Mira,0.889,0.267,D_9_GIT_22,,3.329588015
D_9_GIT,D,D9,GIT,Maddy,23,PE,,Garth,Raman,PE,,,Mira,0.466,0.296,D_9_GIT_23,,1.574324324
D_9_GIT,D,D9,GIT,Maddy,24,PE,,Garth,Raman,PE,,,Mira,0.527,0.227,D_9_GIT_24,,2.321585903
D_9_GIT,D,D9,GIT,Maddy,25,PE,,Garth,Raman,PE,,,Mira,0.529,0.339,D_9_GIT_25,,1.560471976
D_9_GIT,D,D9,GIT,Maddy,26,PE,,Garth,Raman,PE,,,Mira,0.453,0.271,D_9_GIT_26,,1.671586716
D_9_GIT,D,D9,GIT,Maddy,27,unknown,,Garth,Raman,PET,,,Mira,0.193,0.162,D_9_GIT_27,,1.191358025
D_9_GIT,D,D9,GIT,Maddy,28,unknown,,Garth,Raman,PET,,,Mira,0.586,0.161,D_9_GIT_28,,3.639751553
D_9_GIT,D,D9,GIT,Maddy,29,unknown,,Garth,Raman,PET,,,Mira,0.199,0.113,D_9_GIT_29,,1.761061947
D_9_GIT,D,D9,GIT,Maddy,30,unknown,,Garth,Raman,PET,,,Mira,0.412,0.158,D_9_GIT_30,,2.607594937
D_9_GIT,D,D9,GIT,Maddy,31,PE,,,NA,NA,,,,,,,,
D_9_GIT,D,D9,GIT,Maddy,32,PE,,,NA,NA,,,,,,,,
D_9_GIT,D,D9,GIT,Maddy,33,PE,,,NA,NA,,,,,,,,
D_9_GIT,D,D9,GIT,Maddy,34,PE,,,NA,NA,,,,,,,,
D_9_GIT,D,D9,GIT,Maddy,35,PE,,,NA,NA,,,,,,,,
D_9_GIT,D,D9,GIT,Maddy,36,PE,,,NA,NA,,,,,,,,
D_9_GIT,D,D9,GIT,Maddy,37,PE,,,NA,NA,,,,,,,,
D_9_GIT,D,D9,GIT,Maddy,38,PE,,,NA,NA,,,,,,,,
D_9_GIT,D,D9,GIT,Maddy,39,PE,,,NA,NA,,,,,,,,
D_9_GIT,D,D9,GIT,Maddy,40,PE,,,NA,NA,,,,,,,,
D_9_GIT,D,D9,GIT,Maddy,41,PE,,,NA,NA,,,,,,,,
D_9_GIT,D,D9,GIT,Maddy,42,PE,,,NA,NA,,,,,,,,
D_9_GIT,D,D9,GIT,Maddy,43,PE,,,NA,NA,,,,,,,,
D_9_GIT,D,D9,GIT,Maddy,44,PE,,,NA,NA,,,,,,,,
D_9_GIT,D,D9,GIT,Maddy,45,PE,,,NA,NA,,,,,,,,
D_9_GIT,D,D9,GIT,Maddy,46,PE,,,NA,NA,,,,,,,,
D_9_GIT,D,D9,GIT,Maddy,47,PE,,,NA,NA,,,,,,,,
D_9_GIT,D,D9,GIT,Maddy,48,PE,,,NA,NA,,,,,,,,
D_9_GIT,D,D9,GIT,Maddy,49,PE,,,NA,NA,,,,,,,,
D_9_GIT,D,D9,GIT,Maddy,50,PE,,,NA,NA,,,,,,,,
D_9_GIT,D,D9,GIT,Maddy,51,PE,,,NA,NA,,,,,,,,
D_9_GIT,D,D9,GIT,Maddy,52,PE,,,NA,NA,,,,,,,,
D_9_GIT,D,D9,GIT,Maddy,53,PE,,,NA,NA,,,,,,,,
D_9_GIT,D,D9,GIT,Maddy,54,PE,,,NA,NA,,,,,,,,
D_9_GIT,D,D9,GIT,Maddy,55,PE,,,NA,NA,,,,,,,,
D_9_GIT,D,D9,GIT,Maddy,56,PE,,,NA,NA,,,,,,,,
D_9_GIT,D,D9,GIT,Maddy,57,PE,,,NA,NA,,,,,,,,
D_9_GIT,D,D9,GIT,Maddy,58,PE,,,NA,NA,,,,,,,,
D_9_GIT,D,D9,GIT,Maddy,59,PE,,,NA,NA,,,,,,,,
D_9_GIT,D,D9,GIT,Maddy,60,PE,,,NA,NA,,,,,,,,
D_9_GIT,D,D9,GIT,Maddy,61,PE,,,NA,NA,,,,,,,,
D_9_GIT,D,D9,GIT,Maddy,62,PE,,,NA,NA,,,,,,,,
D_9_GIT,D,D9,GIT,Maddy,63,PE,,,NA,NA,,,,,,,,
D_9_GIT,D,D9,GIT,Maddy,64,PE,,,NA,NA,,,,,,,,
D_9_GIT,D,D9,GIT,Maddy,65,PE,,,NA,NA,,,,,,,,
D_9_GIT,D,D9,GIT,Maddy,66,PE,,,NA,NA,,,,,,,,
D_9_GIT,D,D9,GIT,Maddy,67,PE,,,NA,NA,,,,,,,,
D_9_GIT,D,D9,GIT,Maddy,68,PE,,,NA,NA,,,,,,,,
D_9_GIT,D,D9,GIT,Maddy,69,PE,,,NA,NA,,,,,,,,
D_9_GIT,D,D9,GIT,Maddy,70,PE,,,NA,NA,,,,,,,,
D_9_GIT,D,D9,GIT,Maddy,71,PE,,,NA,NA,,,,,,,,
D_9_GIT,D,D9,GIT,Maddy,72,PE,,,NA,NA,,,,,,,,
D_9_GIT,D,D9,GIT,Maddy,73,PE,,,NA,NA,,,,,,,,
D_9_GIT,D,D9,GIT,Maddy,74,PE,,,NA,NA,,,,,,,,
D_9_GIT,D,D9,GIT,Maddy,75,PE,,,NA,NA,,,,,,,,
D_9_GIT,D,D9,GIT,Maddy,76,PE,,,NA,NA,,,,,,,,
D_9_GIT,D,D9,GIT,Maddy,77,PE,,,NA,NA,,,,,,,,
D_9_GIT,D,D9,GIT,Maddy,78,PE,,,NA,NA,,,,,,,,
D_9_GIT,D,D9,GIT,Maddy,79,PE,,,NA,NA,,,,,,,,
D_9_GIT,D,D9,GIT,Maddy,80,PE,,,NA,NA,,,,,,,,
D_9_GIT,D,D9,GIT,Maddy,81,PE,,,NA,NA,,,,,,,,
D_9_GIT,D,D9,GIT,Maddy,82,PE,,,NA,NA,,,,,,,,
D_9_GIT,D,D9,GIT,Maddy,83,PE,,,NA,NA,,,,,,,,
D_9_GIT,D,D9,GIT,Maddy,84,PE,,,NA,NA,,,,,,,,
D_9_GIT,D,D9,GIT,Maddy,85,PE,,,NA,NA,,,,,,,,
D_9_GIT,D,D9,GIT,Maddy,86,PE,,,NA,NA,,,,,,,,
D_9_GIT,D,D9,GIT,Maddy,87,PE,,,NA,NA,,,,,,,,
D_9_GIT,D,D9,GIT,Maddy,88,PE,,,NA,NA,,,,,,,,
D_9_GIT,D,D9,GIT,Maddy,89,PE,,,NA,NA,,,,,,,,
D_9_GIT,D,D9,GIT,Maddy,90,PE,,,NA,NA,,,,,,,,
D_9_GIT,D,D9,GIT,Maddy,91,PE,,,NA,NA,,,,,,,,
D_9_GIT,D,D9,GIT,Maddy,92,PE,,,NA,NA,,,,,,,,
D_9_GIT,D,D9,GIT,Maddy,93,PE,,,NA,NA,,,,,,,,
D_9_GIT,D,D9,GIT,Maddy,94,PE,,,NA,NA,,,,,,,,
D_9_GIT,D,D9,GIT,Maddy,95,PE,,,NA,NA,,,,,,,,
D_9_GIT,D,D9,GIT,Maddy,96,PE,,,NA,NA,,,,,,,,
D_9_GIT,D,D9,GIT,Maddy,97,PE,,,NA,NA,,,,,,,,
D_9_GIT,D,D9,GIT,Maddy,98,PE,,,NA,NA,,,,,,,,
D_9_GIT,D,D9,GIT,Maddy,99,PE,,,NA,NA,,,,,,,,
D_9_GIT,D,D9,GIT,Maddy,100,PE,,,NA,NA,,,,,,,,
D_9_GIT,D,D9,GIT,Maddy,101,PE,,,NA,NA,,,,,,,,
D_9_GIT,D,D9,GIT,Maddy,102,PE,,,NA,NA,,,,,,,,
D_9_GIT,D,D9,GIT,Maddy,103,PE,,,NA,NA,,,,,,,,
D_9_GIT,D,D9,GIT,Maddy,104,PE,,,NA,NA,,,,,,,,
D_9_GIT,D,D9,GIT,Maddy,105,PE,,,NA,NA,,,,,,,,
D_9_GIT,D,D9,GIT,Maddy,106,PE,,,NA,NA,,,,,,,,
D_9_GIT,D,D9,GIT,Maddy,107,PE,,,NA,NA,,,,,,,,
D_9_GIT,D,D9,GIT,Maddy,108,PE,,,NA,NA,,,,,,,,
D_9_GIT,D,D9,GIT,Maddy,109,PE,,,NA,NA,,,,,,,,
D_9_GIT,D,D9,GIT,Maddy,110,PE,,,NA,NA,,,,,,,,
D_9_GIT,D,D9,GIT,Maddy,111,PE,,,NA,NA,,,,,,,,
D_9_GIT,D,D9,GIT,Maddy,112,PE,,,NA,NA,,,,,,,,
D_9_GIT,D,D9,GIT,Maddy,113,PE,,,NA,NA,,,,,,,,
D_9_GIT,D,D9,GIT,Maddy,114,PE,,,NA,NA,,,,,,,,
D_9_GIT,D,D9,GIT,Maddy,115,PE,,,NA,NA,,,,,,,,
D_9_GIT,D,D9,GIT,Maddy,116,PE,,,NA,NA,,,,,,,,
D_9_GIT,D,D9,GIT,Maddy,117,PE,,,NA,NA,,,,,,,,
D_9_GIT,D,D9,GIT,Maddy,118,PE,,,NA,NA,,,,,,,,
D_9_GIT,D,D9,GIT,Maddy,119,PE,,,NA,NA,,,,,,,,
D_9_GIT,D,D9,GIT,Maddy,120,PE,,,NA,NA,,,,,,,,
D_9_GIT,D,D9,GIT,Maddy,121,PE,,,NA,NA,,,,,,,,
D_9_GIT,D,D9,GIT,Maddy,122,PE,,,NA,NA,,,,,,,,
D_9_GIT,D,D9,GIT,Maddy,123,PE,,,NA,NA,,,,,,,,
D_9_GIT,D,D9,GIT,Maddy,124,PE,,,NA,NA,,,,,,,,
D_9_GIT,D,D9,GIT,Maddy,125,PE,,,NA,NA,,,,,,,,
D_9_GIT,D,D9,GIT,Maddy,126,PE,,,NA,NA,,,,,,,,
D_9_GIT,D,D9,GIT,Maddy,127,PE,,,NA,NA,,,,,,,,
D_9_GIT,D,D9,GIT,Maddy,128,PE,,,NA,NA,,,,,,,,
D_9_GIT,D,D9,GIT,Maddy,129,PE,,,NA,NA,,,,,,,,
D_9_GIT,D,D9,GIT,Maddy,130,PE,,,NA,NA,,,,,,,,
D_9_GIT,D,D9,GIT,Maddy,131,PE,,,NA,NA,,,,,,,,
D_9_GIT,D,D9,GIT,Maddy,132,PE,,,NA,NA,,,,,,,,
D_9_GIT,D,D9,GIT,Maddy,133,PE,,,NA,NA,,,,,,,,
D_9_GIT,D,D9,GIT,Maddy,134,PE,,,NA,NA,,,,,,,,
D_9_GIT,D,D9,GIT,Maddy,135,PE,,,NA,NA,,,,,,,,
D_9_GIT,D,D9,GIT,Maddy,136,PE,,,NA,NA,,,,,,,,
D_9_GIT,D,D9,GIT,Maddy,137,PE,,,NA,NA,,,,,,,,
D_9_GIT,D,D9,GIT,Maddy,138,PE,,,NA,NA,,,,,,,,
D_9_GIT,D,D9,GIT,Maddy,139,PE,,,NA,NA,,,,,,,,
D_9_GIT,D,D9,GIT,Maddy,140,PE,,,NA,NA,,,,,,,,
D_9_GIT,D,D9,GIT,Maddy,141,PE,,,NA,NA,,,,,,,,
D_9_GIT,D,D9,GIT,Maddy,142,PE,,,NA,NA,,,,,,,,
D_9_GIT,D,D9,GIT,Maddy,143,PE,,,NA,NA,,,,,,,,
D_9_GIT,D,D9,GIT,Maddy,144,PE,,,NA,NA,,,,,,,,
D_9_GIT,D,D9,GIT,Maddy,145,PE,,,NA,NA,,,,,,,,
D_9_GIT,D,D9,GIT,Maddy,146,PE,,,NA,NA,,,,,,,,
D_9_GIT,D,D9,GIT,Maddy,147,PE,,,NA,NA,,,,,,,,
D_9_GIT,D,D9,GIT,Maddy,148,PE,,,NA,NA,,,,,,,,
D_9_GIT,D,D9,GIT,Maddy,149,PE,,,NA,NA,,,,,,,,
D_9_GIT,D,D9,GIT,Maddy,150,PE,,,NA,NA,,,,,,,,
D_9_GIT,D,D9,GIT,Maddy,151,PE,,,NA,NA,,,,,,,,
D_9_GIT,D,D9,GIT,Maddy,152,PE,,,NA,NA,,,,,,,,
D_9_GIT,D,D9,GIT,Maddy,153,PE,,,NA,NA,,,,,,,,
D_9_GIT,D,D9,GIT,Maddy,154,PE,,,NA,NA,,,,,,,,
D_9_GIT,D,D9,GIT,Maddy,155,PE,,,NA,NA,,,,,,,,
D_9_GIT,D,D9,GIT,Maddy,156,PE,,,NA,NA,,,,,,,,
D_9_GIT,D,D9,GIT,Maddy,157,PE,,,NA,NA,,,,,,,,
D_9_GIT,D,D9,GIT,Maddy,158,PE,,,NA,NA,,,,,,,,
D_9_GIT,D,D9,GIT,Maddy,159,PE,,,NA,NA,,,,,,,,
D_9_GIT,D,D9,GIT,Maddy,160,PE,,,NA,NA,,,,,,,,
D_9_GIT,D,D9,GIT,Maddy,161,PE,,,NA,NA,,,,,,,,
D_9_GIT,D,D9,GIT,Maddy,162,PE,,,NA,NA,,,,,,,,
D_9_GIT,D,D9,GIT,Maddy,163,PE,,,NA,NA,,,,,,,,
D_9_GIT,D,D9,GIT,Maddy,164,PE,,,NA,NA,,,,,,,,
D_9_GIT,D,D9,GIT,Maddy,165,PE,,,NA,NA,,,,,,,,
D_9_GIT,D,D9,GIT,Maddy,166,PE,,,NA,NA,,,,,,,,
D_9_GIT,D,D9,GIT,Maddy,167,PE,,,NA,NA,,,,,,,,
D_9_GIT,D,D9,GIT,Maddy,168,PE,,,NA,NA,,,,,,,,
D_9_GIT,D,D9,GIT,Maddy,169,PE,,,NA,NA,,,,,,,,
D_9_GIT,D,D9,GIT,Maddy,170,PE,,,NA,NA,,,,,,,,
D_9_GIT,D,D9,GIT,Maddy,171,PE,,,NA,NA,,,,,,,,
D_9_GIT,D,D9,GIT,Maddy,172,PE,,,NA,NA,,,,,,,,
D_9_GIT,D,D9,GIT,Maddy,173,PE,,,NA,NA,,,,,,,,
D_9_GIT,D,D9,GIT,Maddy,174,PE,,,NA,NA,,,,,,,,
D_9_GIT,D,D9,GIT,Maddy,175,PE,,,NA,NA,,,,,,,,
D_9_GIT,D,D9,GIT,Maddy,176,PE,,,NA,NA,,,,,,,,
D_9_GIT,D,D9,GIT,Maddy,177,PE,,,NA,NA,,,,,,,,
D_9_GIT,D,D9,GIT,Maddy,178,PE,,,NA,NA,,,,,,,,
D_9_GIT,D,D9,GIT,Maddy,179,PE,,,NA,NA,,,,,,,,
D_9_GIT,D,D9,GIT,Maddy,180,PE,,,NA,NA,,,,,,,,
D_9_GIT,D,D9,GIT,Maddy,181,PE,,,NA,NA,,,,,,,,
D_9_GIT,D,D9,GIT,Maddy,182,PE,,,NA,NA,,,,,,,,
D_9_GIT,D,D9,GIT,Maddy,183,PE,,,NA,NA,,,,,,,,
D_9_GIT,D,D9,GIT,Maddy,184,PE,,,NA,NA,,,,,,,,
D_9_GIT,D,D9,GIT,Maddy,185,PE,,,NA,NA,,,,,,,,
D_9_GIT,D,D9,GIT,Maddy,186,PE,,,NA,NA,,,,,,,,
D_9_GIT,D,D9,GIT,Maddy,187,PE,,,NA,NA,,,,,,,,
D_9_GIT,D,D9,GIT,Maddy,188,PE,,,NA,NA,,,,,,,,
D_9_GIT,D,D9,GIT,Maddy,189,PE,,,NA,NA,,,,,,,,
D_9_GIT,D,D9,GIT,Maddy,190,PE,,,NA,NA,,,,,,,,
D_9_GIT,D,D9,GIT,Maddy,191,PE,,,NA,NA,,,,,,,,
D_9_GIT,D,D9,GIT,Maddy,192,PE,,,NA,NA,,,,,,,,
D_9_GIT,D,D9,GIT,Maddy,193,PE,,,NA,NA,,,,,,,,
D_9_GIT,D,D9,GIT,Maddy,194,PE,,,NA,NA,,,,,,,,
D_9_GIT,D,D9,GIT,Maddy,195,PE,,,NA,NA,,,,,,,,
D_9_GIT,D,D9,GIT,Maddy,196,PE,,,NA,NA,,,,,,,,
D_9_GIT,D,D9,GIT,Maddy,197,PE,,,NA,NA,,,,,,,,
D_9_GIT,D,D9,GIT,Maddy,198,PE,,,NA,NA,,,,,,,,
D_9_GIT,D,D9,GIT,Maddy,199,PE,,,NA,NA,,,,,,,,
D_9_GIT,D,D9,GIT,Maddy,200,PE,,,NA,NA,,,,,,,,
D_9_GIT,D,D9,GIT,Maddy,201,PE,,,NA,NA,,,,,,,,
D_9_GIT,D,D9,GIT,Maddy,202,PE,,,NA,NA,,,,,,,,
D_9_GIT,D,D9,GIT,Maddy,203,PE,,,NA,NA,,,,,,,,
D_9_GIT,D,D9,GIT,Maddy,204,PE,,,NA,NA,,,,,,,,
D_9_GIT,D,D9,GIT,Maddy,205,PE,,,NA,NA,,,,,,,,
D_9_GIT,D,D9,GIT,Maddy,206,PE,,,NA,NA,,,,,,,,
D_9_GIT,D,D9,GIT,Maddy,207,PE,,,NA,NA,,,,,,,,
D_9_GIT,D,D9,GIT,Maddy,208,PE,,,NA,NA,,,,,,,,
D_9_GIT,D,D9,GIT,Maddy,209,PE,,,NA,NA,,,,,,,,
D_9_GIT,D,D9,GIT,Maddy,210,PE,,,NA,NA,,,,,,,,
D_9_GIT,D,D9,GIT,Maddy,211,PE,,,NA,NA,,,,,,,,
D_9_GIT,D,D9,GIT,Maddy,212,PE,,,NA,NA,,,,,,,,
D_9_GIT,D,D9,GIT,Maddy,213,PE,,,NA,NA,,,,,,,,
D_9_GIT,D,D9,GIT,Maddy,214,PE,,,NA,NA,,,,,,,,
D_9_GIT,D,D9,GIT,Maddy,215,PE,,,NA,NA,,,,,,,,
D_9_GIT,D,D9,GIT,Maddy,216,PE,,,NA,NA,,,,,,,,
D_9_GIT,D,D9,GIT,Maddy,217,PE,,,NA,NA,,,,,,,,
D_9_GIT,D,D9,GIT,Maddy,218,PE,,,NA,NA,,,,,,,,
D_9_GIT,D,D9,GIT,Maddy,219,PE,,,NA,NA,,,,,,,,
D_9_GIT,D,D9,GIT,Maddy,220,PE,,,NA,NA,,,,,,,,
D_9_GIT,D,D9,GIT,Maddy,221,PE,,,NA,NA,,,,,,,,
D_9_GIT,D,D9,GIT,Maddy,222,PE,,,NA,NA,,,,,,,,
D_9_GIT,D,D9,GIT,Maddy,223,PE,,,NA,NA,,,,,,,,
D_9_GIT,D,D9,GIT,Maddy,224,PE,,,NA,NA,,,,,,,,
D_9_GIT,D,D9,GIT,Maddy,225,PE,,,NA,NA,,,,,,,,
D_9_GIT,D,D9,GIT,Maddy,226,PE,,,NA,NA,,,,,,,,
D_9_GIT,D,D9,GIT,Maddy,227,PE,,,NA,NA,,,,,,,,
D_9_GIT,D,D9,GIT,Maddy,228,PE,,,NA,NA,,,,,,,,
D_9_GIT,D,D9,GIT,Maddy,229,PE,,,NA,NA,,,,,,,,
D_9_GIT,D,D9,GIT,Maddy,230,PE,,,NA,NA,,,,,,,,
D_9_GIT,D,D9,GIT,Maddy,231,PE,,,NA,NA,,,,,,,,
D_9_GIT,D,D9,GIT,Maddy,232,PE,,,NA,NA,,,,,,,,
D_9_GIT,D,D9,GIT,Maddy,233,PE,,,NA,NA,,,,,,,,
D_9_GIT,D,D9,GIT,Maddy,234,PE,,,NA,NA,,,,,,,,
D_9_GIT,D,D9,GIT,Maddy,235,PE,,,NA,NA,,,,,,,,
D_9_GIT,D,D9,GIT,Maddy,236,PE,,,NA,NA,,,,,,,,
D_9_GIT,D,D9,GIT,Maddy,237,PE,,,NA,NA,,,,,,,,
D_9_GIT,D,D9,GIT,Maddy,238,PE,,,NA,NA,,,,,,,,
D_9_GIT,D,D9,GIT,Maddy,239,PE,,,NA,NA,,,,,,,,
D_9_GIT,D,D9,GIT,Maddy,240,PE,,,NA,NA,,,,,,,,
D_9_GIT,D,D9,GIT,Maddy,241,PE,,,NA,NA,,,,,,,,
D_9_GIT,D,D9,GIT,Maddy,242,PE,,,NA,NA,,,,,,,,
D_9_GIT,D,D9,GIT,Maddy,243,PE,,,NA,NA,,,,,,,,
D_9_GIT,D,D9,GIT,Maddy,244,PE,,,NA,NA,,,,,,,,
D_9_GIT,D,D9,GIT,Maddy,245,PE,,,NA,NA,,,,,,,,
D_9_GIT,D,D9,GIT,Maddy,246,PE,,,NA,NA,,,,,,,,
D_9_GIT,D,D9,GIT,Maddy,247,PE,,,NA,NA,,,,,,,,
D_9_GIT,D,D9,GIT,Maddy,248,PE,,,NA,NA,,,,,,,,
D_9_GIT,D,D9,GIT,Maddy,249,PE,,,NA,NA,,,,,,,,
D_9_GIT,D,D9,GIT,Maddy,250,PE,,,NA,NA,,,,,,,,
D_9_GIT,D,D9,GIT,Maddy,251,PE,,,NA,NA,,,,,,,,
D_9_GIT,D,D9,GIT,Maddy,252,PE,,,NA,NA,,,,,,,,
D_9_GIT,D,D9,GIT,Maddy,253,PE,,,NA,NA,,,,,,,,
D_9_GIT,D,D9,GIT,Maddy,254,PE,,,NA,NA,,,,,,,,
D_9_GIT,D,D9,GIT,Maddy,255,PE,,,NA,NA,,,,,,,,
D_9_GIT,D,D9,GIT,Maddy,256,PE,,,NA,NA,,,,,,,,
D_9_GIT,D,D9,GIT,Maddy,257,PE,,,NA,NA,,,,,,,,
D_9_GIT,D,D9,GIT,Maddy,258,PE,,,NA,NA,,,,,,,,
D_9_GIT,D,D9,GIT,Maddy,259,PE,,,NA,NA,,,,,,,,
D_9_GIT,D,D9,GIT,Maddy,260,PE,,,NA,NA,,,,,,,,
D_9_GIT,D,D9,GIT,Maddy,261,PE,,,NA,NA,,,,,,,,
D_9_GIT,D,D9,GIT,Maddy,262,PE,,,NA,NA,,,,,,,,
D_9_GIT,D,D9,GIT,Maddy,263,PE,,,NA,NA,,,,,,,,
D_9_GIT,D,D9,GIT,Maddy,264,PE,,,NA,NA,,,,,,,,
D_9_GIT,D,D9,GIT,Maddy,265,PE,,,NA,NA,,,,,,,,
D_9_GIT,D,D9,GIT,Maddy,266,PE,,,NA,NA,,,,,,,,
D_9_GIT,D,D9,GIT,Maddy,267,PE,,,NA,NA,,,,,,,,
D_9_GIT,D,D9,GIT,Maddy,268,PE,,,NA,NA,,,,,,,,
D_9_GIT,D,D9,GIT,Maddy,269,PE,,,NA,NA,,,,,,,,
D_9_GIT,D,D9,GIT,Maddy,270,PE,,,NA,NA,,,,,,,,
D_9_GIT,D,D9,GIT,Maddy,271,PE,,,NA,NA,,,,,,,,
D_9_GIT,D,D9,GIT,Maddy,272,PE,,,NA,NA,,,,,,,,
D_9_GIT,D,D9,GIT,Maddy,273,PE,,,NA,NA,,,,,,,,
D_9_GIT,D,D9,GIT,Maddy,274,PE,,,NA,NA,,,,,,,,
D_9_GIT,D,D9,GIT,Maddy,275,PE,,,NA,NA,,,,,,,,
D_9_GIT,D,D9,GIT,Maddy,276,PE,,,NA,NA,,,,,,,,
D_9_GIT,D,D9,GIT,Maddy,277,PE,,,NA,NA,,,,,,,,
D_9_GIT,D,D9,GIT,Maddy,278,PE,,,NA,NA,,,,,,,,
D_9_GIT,D,D9,GIT,Maddy,279,PE,,,NA,NA,,,,,,,,
D_9_GIT,D,D9,GIT,Maddy,280,PE,,,NA,NA,,,,,,,,
D_9_GIT,D,D9,GIT,Maddy,281,PE,,,NA,NA,,,,,,,,
D_9_GIT,D,D9,GIT,Maddy,282,PE,,,NA,NA,,,,,,,,
D_9_GIT,D,D9,GIT,Maddy,283,PE,,,NA,NA,,,,,,,,
D_9_GIT,D,D9,GIT,Maddy,284,PE,,,NA,NA,,,,,,,,
D_9_GIT,D,D9,GIT,Maddy,285,PE,,,NA,NA,,,,,,,,
D_9_GIT,D,D9,GIT,Maddy,286,PE,,,NA,NA,,,,,,,,
D_9_GIT,D,D9,GIT,Maddy,287,PE,,,NA,NA,,,,,,,,
D_9_GIT,D,D9,GIT,Maddy,288,PE,,,NA,NA,,,,,,,,
D_9_GIT,D,D9,GIT,Maddy,289,PE,,,NA,NA,,,,,,,,
D_9_GIT,D,D9,GIT,Maddy,290,PE,,,NA,NA,,,,,,,,
D_9_GIT,D,D9,GIT,Maddy,291,PE,,,NA,NA,,,,,,,,
D_9_GIT,D,D9,GIT,Maddy,292,PE,,,NA,NA,,,,,,,,
D_9_GIT,D,D9,GIT,Maddy,293,PE,,,NA,NA,,,,,,,,
D_9_GIT,D,D9,GIT,Maddy,294,PE,,,NA,NA,,,,,,,,
D_9_GIT,D,D9,GIT,Maddy,295,PE,,,NA,NA,,,,,,,,
D_9_GIT,D,D9,GIT,Maddy,296,PE,,,NA,NA,,,,,,,,
D_9_GIT,D,D9,GIT,Maddy,297,PE,,,NA,NA,,,,,,,,
D_9_GIT,D,D9,GIT,Maddy,298,PE,,,NA,NA,,,,,,,,
D_9_GIT,D,D9,GIT,Maddy,299,PE,,,NA,NA,,,,,,,,
D_9_GIT,D,D9,GIT,Maddy,300,PE,,,NA,NA,,,,,,,,
D_9_GIT,D,D9,GIT,Maddy,301,PE,,,NA,NA,,,,,,,,
D_9_GIT,D,D9,GIT,Maddy,302,PE,,,NA,NA,,,,,,,,
D_9_GIT,D,D9,GIT,Maddy,303,PE,,,NA,NA,,,,,,,,
D_9_GIT,D,D9,GIT,Maddy,304,PE,,,NA,NA,,,,,,,,
D_9_GIT,D,D9,GIT,Maddy,305,PE,,,NA,NA,,,,,,,,
D_9_GIT,D,D9,GIT,Maddy,306,PE,,,NA,NA,,,,,,,,
D_9_GIT,D,D9,GIT,Maddy,307,PE,,,NA,NA,,,,,,,,
D_9_GIT,D,D9,GIT,Maddy,308,PE,,,NA,NA,,,,,,,,
D_9_GIT,D,D9,GIT,Maddy,309,PE,,,NA,NA,,,,,,,,
D_9_GIT,D,D9,GIT,Maddy,310,PE,,,NA,NA,,,,,,,,
D_9_GIT,D,D9,GIT,Maddy,311,PE,,,NA,NA,,,,,,,,
D_9_GIT,D,D9,GIT,Maddy,312,PE,,,NA,NA,,,,,,,,
D_9_GIT,D,D9,GIT,Maddy,313,PE,,,NA,NA,,,,,,,,
D_9_GIT,D,D9,GIT,Maddy,314,PE,,,NA,NA,,,,,,,,
D_9_GIT,D,D9,GIT,Maddy,315,PE,,,NA,NA,,,,,,,,
D_9_GIT,D,D9,GIT,Maddy,316,PE,,,NA,NA,,,,,,,,
D_9_GIT,D,D9,GIT,Maddy,317,PE,,,NA,NA,,,,,,,,
D_9_GIT,D,D9,GIT,Maddy,318,PE,,,NA,NA,,,,,,,,
D_9_GIT,D,D9,GIT,Maddy,319,PE,,,NA,NA,,,,,,,,
D_9_GIT,D,D9,GIT,Maddy,320,PE,,,NA,NA,,,,,,,,
D_9_GIT,D,D9,GIT,Maddy,321,PE,,,NA,NA,,,,,,,,
D_9_GIT,D,D9,GIT,Maddy,322,PE,,,NA,NA,,,,,,,,
D_9_GIT,D,D9,GIT,Maddy,323,PE,,,NA,NA,,,,,,,,
D_9_GIT,D,D9,GIT,Maddy,324,PE,,,NA,NA,,,,,,,,
D_9_GIT,D,D9,GIT,Maddy,325,PE,,,NA,NA,,,,,,,,
D_9_GIT,D,D9,GIT,Maddy,326,PE,,,NA,NA,,,,,,,,
D_9_GIT,D,D9,GIT,Maddy,327,PE,,,NA,NA,,,,,,,,
D_9_GIT,D,D9,GIT,Maddy,328,PE,,,NA,NA,,,,,,,,
D_9_GIT,D,D9,GIT,Maddy,329,PE,,,NA,NA,,,,,,,,
D_9_GIT,D,D9,GIT,Maddy,330,PE,,,NA,NA,,,,,,,,
D_9_GIT,D,D9,GIT,Maddy,331,PE,,,NA,NA,,,,,,,,
D_9_GIT,D,D9,GIT,Maddy,332,PE,,,NA,NA,,,,,,,,
D_9_GIT,D,D9,GIT,Maddy,333,PE,,,NA,NA,,,,,,,,
D_9_GIT,D,D9,GIT,Maddy,334,PE,,,NA,NA,,,,,,,,
D_9_GIT,D,D9,GIT,Maddy,335,PE,,,NA,NA,,,,,,,,
D_9_GIT,D,D9,GIT,Maddy,336,PE,,,NA,NA,,,,,,,,
D_9_GIT,D,D9,GIT,Maddy,337,PE,,,NA,NA,,,,,,,,
D_9_GIT,D,D9,GIT,Maddy,338,PE,,,NA,NA,,,,,,,,
D_9_GIT,D,D9,GIT,Maddy,339,PE,,,NA,NA,,,,,,,,
D_9_GIT,D,D9,GIT,Maddy,340,PE,,,NA,NA,,,,,,,,
D_9_GIT,D,D9,GIT,Maddy,341,PE,,,NA,NA,,,,,,,,
D_9_GIT,D,D9,GIT,Maddy,342,PE,,,NA,NA,,,,,,,,
D_9_GIT,D,D9,GIT,Maddy,343,PE,,,NA,NA,,,,,,,,
D_9_GIT,D,D9,GIT,Maddy,344,PE,,,NA,NA,,,,,,,,
D_9_GIT,D,D9,GIT,Maddy,345,PE,,,NA,NA,,,,,,,,
D_9_GIT,D,D9,GIT,Maddy,346,PE,,,NA,NA,,,,,,,,
D_9_GIT,D,D9,GIT,Maddy,347,PE,,,NA,NA,,,,,,,,
D_9_GIT,D,D9,GIT,Maddy,348,PE,,,NA,NA,,,,,,,,
D_9_GIT,D,D9,GIT,Maddy,349,PE,,,NA,NA,,,,,,,,
D_9_GIT,D,D9,GIT,Maddy,350,PE,,,NA,NA,,,,,,,,
D_9_GIT,D,D9,GIT,Maddy,351,PE,,,NA,NA,,,,,,,,
D_9_GIT,D,D9,GIT,Maddy,352,PE,,,NA,NA,,,,,,,,
D_9_GIT,D,D9,GIT,Maddy,353,PE,,,NA,NA,,,,,,,,
D_9_GIT,D,D9,GIT,Maddy,354,PE,,,NA,NA,,,,,,,,
D_9_GIT,D,D9,GIT,Maddy,355,PE,,,NA,NA,,,,,,,,
D_9_GIT,D,D9,GIT,Maddy,356,PE,,,NA,NA,,,,,,,,
D_9_GIT,D,D9,GIT,Maddy,357,PE,,,NA,NA,,,,,,,,
D_9_GIT,D,D9,GIT,Maddy,358,PE,,,NA,NA,,,,,,,,
D_9_GIT,D,D9,GIT,Maddy,359,PE,,,NA,NA,,,,,,,,
D_9_GIT,D,D9,GIT,Maddy,360,PE,,,NA,NA,,,,,,,,
D_9_GIT,D,D9,GIT,Maddy,361,PE,,,NA,NA,,,,,,,,
D_9_GIT,D,D9,GIT,Maddy,362,PE,,,NA,NA,,,,,,,,
D_9_GIT,D,D9,GIT,Maddy,363,PE,,,NA,NA,,,,,,,,
D_9_GIT,D,D9,GIT,Maddy,364,PE,,,NA,NA,,,,,,,,
D_9_GIT,D,D9,GIT,Maddy,365,PE,,,NA,NA,,,,,,,,
D_9_GIT,D,D9,GIT,Maddy,366,PE,,,NA,NA,,,,,,,,
D_9_GIT,D,D9,GIT,Maddy,367,PE,,,NA,NA,,,,,,,,
D_9_GIT,D,D9,GIT,Maddy,368,PE,,,NA,NA,,,,,,,,
D_9_GIT,D,D9,GIT,Maddy,369,PE,,,NA,NA,,,,,,,,
D_9_GIT,D,D9,GIT,Maddy,370,PE,,,NA,NA,,,,,,,,
D_9_GIT,D,D9,GIT,Maddy,371,PE,,,NA,NA,,,,,,,,
D_9_GIT,D,D9,GIT,Maddy,372,PE,,,NA,NA,,,,,,,,
D_9_GIT,D,D9,GIT,Maddy,373,PE,,,NA,NA,,,,,,,,
D_9_GIT,D,D9,GIT,Maddy,374,PE,,,NA,NA,,,,,,,,
D_9_GIT,D,D9,GIT,Maddy,375,PE,,,NA,NA,,,,,,,,
D_9_GIT,D,D9,GIT,Maddy,376,PE,,,NA,NA,,,,,,,,
D_9_GIT,D,D9,GIT,Maddy,377,PE,,,NA,NA,,,,,,,,
D_9_GIT,D,D9,GIT,Maddy,378,PE,,,NA,NA,,,,,,,,
D_9_GIT,D,D9,GIT,Maddy,379,PE,,,NA,NA,,,,,,,,
D_9_GIT,D,D9,GIT,Maddy,380,PE,,,NA,NA,,,,,,,,
D_9_GIT,D,D9,GIT,Maddy,381,PE,,,NA,NA,,,,,,,,
D_9_GIT,D,D9,GIT,Maddy,382,PE,,,NA,NA,,,,,,,,
D_9_GIT,D,D9,GIT,Maddy,383,PE,,,NA,NA,,,,,,,,
D_9_GIT,D,D9,GIT,Maddy,384,PE,,,NA,NA,,,,,,,,
D_9_GIT,D,D9,GIT,Maddy,385,PE,,,NA,NA,,,,,,,,
D_9_GIT,D,D9,GIT,Maddy,386,PE,,,NA,NA,,,,,,,,
D_9_GIT,D,D9,GIT,Maddy,387,PE,,,NA,NA,,,,,,,,
D_9_GIT,D,D9,GIT,Maddy,388,PE,,,NA,NA,,,,,,,,
D_9_GIT,D,D9,GIT,Maddy,389,PE,,,NA,NA,,,,,,,,
D_9_GIT,D,D9,GIT,Maddy,390,PE,,,NA,NA,,,,,,,,
D_9_GIT,D,D9,GIT,Maddy,391,PE,,,NA,NA,,,,,,,,
D_9_GIT,D,D9,GIT,Maddy,392,PE,,,NA,NA,,,,,,,,
D_9_GIT,D,D9,GIT,Maddy,393,PE,,,NA,NA,,,,,,,,
D_9_GIT,D,D9,GIT,Maddy,394,PE,,,NA,NA,,,,,,,,
D_9_GIT,D,D9,GIT,Maddy,395,PE,,,NA,NA,,,,,,,,
D_9_GIT,D,D9,GIT,Maddy,396,PE,,,NA,NA,,,,,,,,
D_9_GIT,D,D9,GIT,Maddy,397,PE,,,NA,NA,,,,,,,,
D_9_GIT,D,D9,GIT,Maddy,398,PE,,,NA,NA,,,,,,,,
D_9_GIT,D,D9,GIT,Maddy,399,PE,,,NA,NA,,,,,,,,
D_9_GIT,D,D9,GIT,Maddy,400,PE,,,NA,NA,,,,,,,,
D_9_GIT,D,D9,GIT,Maddy,401,PE,,,NA,NA,,,,,,,,
D_9_GIT,D,D9,GIT,Maddy,402,PE,,,NA,NA,,,,,,,,
D_9_GIT,D,D9,GIT,Maddy,403,PE,,,NA,NA,,,,,,,,
D_9_GIT,D,D9,GIT,Maddy,404,PE,,,NA,NA,,,,,,,,
D_9_GIT,D,D9,GIT,Maddy,405,PE,,,NA,NA,,,,,,,,
D_9_GIT,D,D9,GIT,Maddy,406,PE,,,NA,NA,,,,,,,,
D_9_GIT,D,D9,GIT,Maddy,407,PE,,,NA,NA,,,,,,,,
D_9_GIT,D,D9,GIT,Maddy,408,PE,,,NA,NA,,,,,,,,
D_9_GIT,D,D9,GIT,Maddy,409,PE,,,NA,NA,,,,,,,,
D_9_GIT,D,D9,GIT,Maddy,410,PE,,,NA,NA,,,,,,,,
D_9_GIT,D,D9,GIT,Maddy,411,PE,,,NA,NA,,,,,,,,
D_9_GIT,D,D9,GIT,Maddy,412,PE,,,NA,NA,,,,,,,,
D_9_GIT,D,D9,GIT,Maddy,413,PE,,,NA,NA,,,,,,,,
D_9_GIT,D,D9,GIT,Maddy,414,PE,,,NA,NA,,,,,,,,
D_9_GIT,D,D9,GIT,Maddy,415,PE,,,NA,NA,,,,,,,,
D_9_GIT,D,D9,GIT,Maddy,416,PE,,,NA,NA,,,,,,,,
D_9_GIT,D,D9,GIT,Maddy,417,PE,,,NA,NA,,,,,,,,
D_9_GIT,D,D9,GIT,Maddy,418,PE,,,NA,NA,,,,,,,,
D_9_GIT,D,D9,GIT,Maddy,419,PE,,,NA,NA,,,,,,,,
D_9_GIT,D,D9,GIT,Maddy,420,PE,,,NA,NA,,,,,,,,
D_9_GIT,D,D9,GIT,Maddy,421,PE,,,NA,NA,,,,,,,,
D_9_GIT,D,D9,GIT,Maddy,422,PE,,,NA,NA,,,,,,,,
D_9_GIT,D,D9,GIT,Maddy,423,PE,,,NA,NA,,,,,,,,
D_9_GIT,D,D9,GIT,Maddy,424,PE,,,NA,NA,,,,,,,,
D_9_GIT,D,D9,GIT,Maddy,425,PE,,,NA,NA,,,,,,,,
D_9_GIT,D,D9,GIT,Maddy,426,PE,,,NA,NA,,,,,,,,
D_9_GIT,D,D9,GIT,Maddy,427,PE,,,NA,NA,,,,,,,,
D_9_GIT,D,D9,GIT,Maddy,428,PE,,,NA,NA,,,,,,,,
D_9_GIT,D,D9,GIT,Maddy,429,PE,,,NA,NA,,,,,,,,
D_9_GIT,D,D9,GIT,Maddy,430,PE,,,NA,NA,,,,,,,,
D_9_GIT,D,D9,GIT,Maddy,431,PE,,,NA,NA,,,,,,,,
D_9_GIT,D,D9,GIT,Maddy,432,PE,,,NA,NA,,,,,,,,
D_9_GIT,D,D9,GIT,Maddy,433,PE,,,NA,NA,,,,,,,,
D_9_GIT,D,D9,GIT,Maddy,434,PE,,,NA,NA,,,,,,,,
D_9_GIT,D,D9,GIT,Maddy,435,PE,,,NA,NA,,,,,,,,
D_9_GIT,D,D9,GIT,Maddy,436,PE,,,NA,NA,,,,,,,,
D_9_GIT,D,D9,GIT,Maddy,437,PE,,,NA,NA,,,,,,,,
D_9_GIT,D,D9,GIT,Maddy,438,PE,,,NA,NA,,,,,,,,
D_9_GIT,D,D9,GIT,Maddy,439,PE,,,NA,NA,,,,,,,,
D_9_GIT,D,D9,GIT,Maddy,440,PE,,,NA,NA,,,,,,,,
D_9_GIT,D,D9,GIT,Maddy,441,PE,,,NA,NA,,,,,,,,
D_9_GIT,D,D9,GIT,Maddy,442,PE,,,NA,NA,,,,,,,,
D_9_GIT,D,D9,GIT,Maddy,443,PE,,,NA,NA,,,,,,,,
D_9_GIT,D,D9,GIT,Maddy,444,PE,,,NA,NA,,,,,,,,
D_9_GIT,D,D9,GIT,Maddy,445,PE,,,NA,NA,,,,,,,,
D_9_GIT,D,D9,GIT,Maddy,446,PE,,,NA,NA,,,,,,,,
D_9_GIT,D,D9,GIT,Maddy,447,PE,,,NA,NA,,,,,,,,
D_9_GIT,D,D9,GIT,Maddy,448,PE,,,NA,NA,,,,,,,,
D_9_GIT,D,D9,GIT,Maddy,449,PE,,,NA,NA,,,,,,,,
D_9_GIT,D,D9,GIT,Maddy,450,PE,,,NA,NA,,,,,,,,
D_9_GIT,D,D9,GIT,Maddy,451,PE,,,NA,NA,,,,,,,,
D_9_GIT,D,D9,GIT,Maddy,452,PE,,,NA,NA,,,,,,,,
D_9_GIT,D,D9,GIT,Maddy,453,PE,,,NA,NA,,,,,,,,
D_9_GIT,D,D9,GIT,Maddy,454,PE,,,NA,NA,,,,,,,,
D_9_GIT,D,D9,GIT,Maddy,455,PE,,,NA,NA,,,,,,,,
D_9_GIT,D,D9,GIT,Maddy,456,PE,,,NA,NA,,,,,,,,
D_9_GIT,D,D9,GIT,Maddy,457,PE,,,NA,NA,,,,,,,,
D_9_GIT,D,D9,GIT,Maddy,458,PE,,,NA,NA,,,,,,,,
D_9_GIT,D,D9,GIT,Maddy,459,PE,,,NA,NA,,,,,,,,
D_9_GIT,D,D9,GIT,Maddy,460,PE,,,NA,NA,,,,,,,,
D_9_GIT,D,D9,GIT,Maddy,461,PE,,,NA,NA,,,,,,,,
D_9_GIT,D,D9,GIT,Maddy,462,PE,,,NA,NA,,,,,,,,
D_9_GIT,D,D9,GIT,Maddy,463,PE,,,NA,NA,,,,,,,,
D_9_GIT,D,D9,GIT,Maddy,464,PS,,,NA,NA,,,,,,,,
D_9_GIT,D,D9,GIT,Maddy,465,PS,,,NA,NA,,,,,,,,
D_9_GIT,D,D9,GIT,Maddy,466,PS,,,NA,NA,,,,,,,,
D_9_GIT,D,D9,GIT,Maddy,467,PS,,,NA,NA,,,,,,,,
D_9_GIT,D,D9,GIT,Maddy,468,PS,,,NA,NA,,,,,,,,
D_9_GIT,D,D9,GIT,Maddy,469,PS,,,NA,NA,,,,,,,,
D_9_GIT,D,D9,GIT,Maddy,470,PS,,,NA,NA,,,,,,,,
D_9_GIT,D,D9,GIT,Maddy,471,PS,,,NA,NA,,,,,,,,
D_9_GIT,D,D9,GIT,Maddy,472,PS,,,NA,NA,,,,,,,,
D_9_GIT,D,D9,GIT,Maddy,473,PS,,,NA,NA,,,,,,,,
D_9_GIT,D,D9,GIT,Maddy,474,PS,,,NA,NA,,,,,,,,
D_9_GIT,D,D9,GIT,Maddy,475,PS,,,NA,NA,,,,,,,,
D_9_GIT,D,D9,GIT,Maddy,476,PS,,,NA,NA,,,,,,,,
D_9_GIT,D,D9,GIT,Maddy,477,PS,,,NA,NA,,,,,,,,
D_9_GIT,D,D9,GIT,Maddy,478,PS,,,NA,NA,,,,,,,,
D_9_GIT,D,D9,GIT,Maddy,479,PS,,,NA,NA,,,,,,,,
D_9_GIT,D,D9,GIT,Maddy,480,PS,,,NA,NA,,,,,,,,
D_9_GIT,D,D9,GIT,Maddy,481,PS,,,NA,NA,,,,,,,,
D_9_GIT,D,D9,GIT,Maddy,482,PS,,,NA,NA,,,,,,,,
D_9_GIT,D,D9,GIT,Maddy,483,PS,,,NA,NA,,,,,,,,
D_9_GIT,D,D9,GIT,Maddy,484,PS,,,NA,NA,,,,,,,,
D_9_GIT,D,D9,GIT,Maddy,485,PS,,,NA,NA,,,,,,,,
D_9_GIT,D,D9,GIT,Maddy,486,PS,,,NA,NA,,,,,,,,
D_9_GIT,D,D9,GIT,Maddy,487,PS,,,NA,NA,,,,,,,,
D_9_GIT,D,D9,GIT,Maddy,488,PS,,,NA,NA,,,,,,,,
D_9_GIT,D,D9,GIT,Maddy,489,PS,,,NA,NA,,,,,,,,
D_9_GIT,D,D9,GIT,Maddy,490,PS,,,NA,NA,,,,,,,,
D_9_GIT,D,D9,GIT,Maddy,491,PS,,,NA,NA,,,,,,,,
D_9_GIT,D,D9,GIT,Maddy,492,PS,,,NA,NA,,,,,,,,
D_9_GIT,D,D9,GIT,Maddy,493,PS,,,NA,NA,,,,,,,,
D_9_GIT,D,D9,GIT,Maddy,494,PS,,,NA,NA,,,,,,,,
D_9_GIT,D,D9,GIT,Maddy,495,PS,,,NA,NA,,,,,,,,
D_9_GIT,D,D9,GIT,Maddy,496,PS,,,NA,NA,,,,,,,,
D_9_GIT,D,D9,GIT,Maddy,497,PS,,,NA,NA,,,,,,,,
D_9_GIT,D,D9,GIT,Maddy,498,PS,,,NA,NA,,,,,,,,
D_9_GIT,D,D9,GIT,Maddy,499,PS,,,NA,NA,,,,,,,,
D_9_GIT,D,D9,GIT,Maddy,500,PS,,,NA,NA,,,,,,,,
D_9_GIT,D,D9,GIT,Maddy,501,PS,,,NA,NA,,,,,,,,
D_9_GIT,D,D9,GIT,Maddy,502,PS,,,NA,NA,,,,,,,,
D_9_GIT,D,D9,GIT,Maddy,503,PS,,,NA,NA,,,,,,,,
D_9_GIT,D,D9,GIT,Maddy,504,PS,,,NA,NA,,,,,,,,
D_9_GIT,D,D9,GIT,Maddy,505,PS,,,NA,NA,,,,,,,,
D_9_GIT,D,D9,GIT,Maddy,506,PS,,,NA,NA,,,,,,,,
D_9_GIT,D,D9,GIT,Maddy,507,PS,,,NA,NA,,,,,,,,
D_9_GIT,D,D9,GIT,Maddy,508,PS,,,NA,NA,,,,,,,,
D_9_GIT,D,D9,GIT,Maddy,509,PS,,,NA,NA,,,,,,,,
D_9_GIT,D,D9,GIT,Maddy,510,PS,,,NA,NA,,,,,,,,
D_9_GIT,D,D9,GIT,Maddy,511,PS,,,NA,NA,,,,,,,,
D_9_GIT,D,D9,GIT,Maddy,512,PS,,,NA,NA,,,,,,,,
D_9_GIT,D,D9,GIT,Maddy,513,PS,,,NA,NA,,,,,,,,
D_9_GIT,D,D9,GIT,Maddy,514,PS,,,NA,NA,,,,,,,,
D_9_GIT,D,D9,GIT,Maddy,515,PS,,,NA,NA,,,,,,,,
D_9_GIT,D,D9,GIT,Maddy,516,PS,,,NA,NA,,,,,,,,
D_9_GIT,D,D9,GIT,Maddy,517,PS,,,NA,NA,,,,,,,,
D_9_GIT,D,D9,GIT,Maddy,518,PS,,,NA,NA,,,,,,,,
D_9_GIT,D,D9,GIT,Maddy,519,PS,,,NA,NA,,,,,,,,
D_9_GIT,D,D9,GIT,Maddy,520,PS,,,NA,NA,,,,,,,,
D_9_GIT,D,D9,GIT,Maddy,521,PS,,,NA,NA,,,,,,,,
D_9_GIT,D,D9,GIT,Maddy,522,PS,,,NA,NA,,,,,,,,
D_9_GIT,D,D9,GIT,Maddy,523,PS,,,NA,NA,,,,,,,,
D_9_GIT,D,D9,GIT,Maddy,524,PS,,,NA,NA,,,,,,,,
D_9_GIT,D,D9,GIT,Maddy,525,PS,,,NA,NA,,,,,,,,
D_9_GIT,D,D9,GIT,Maddy,526,PS,,,NA,NA,,,,,,,,
D_9_GIT,D,D9,GIT,Maddy,527,PS,,,NA,NA,,,,,,,,
D_9_GIT,D,D9,GIT,Maddy,528,PS,,,NA,NA,,,,,,,,
D_9_GIT,D,D9,GIT,Maddy,529,PS,,,NA,NA,,,,,,,,
D_9_GIT,D,D9,GIT,Maddy,530,PS,,,NA,NA,,,,,,,,
D_9_GIT,D,D9,GIT,Maddy,531,PS,,,NA,NA,,,,,,,,
D_9_GIT,D,D9,GIT,Maddy,532,PS,,,NA,NA,,,,,,,,
D_9_GIT,D,D9,GIT,Maddy,533,PS,,,NA,NA,,,,,,,,
D_9_GIT,D,D9,GIT,Maddy,534,PS,,,NA,NA,,,,,,,,
D_9_GIT,D,D9,GIT,Maddy,535,PS,,,NA,NA,,,,,,,,
D_9_GIT,D,D9,GIT,Maddy,536,PS,,,NA,NA,,,,,,,,
D_9_GIT,D,D9,GIT,Maddy,537,PS,,,NA,NA,,,,,,,,
D_9_GIT,D,D9,GIT,Maddy,538,PS,,,NA,NA,,,,,,,,
D_9_GIT,D,D9,GIT,Maddy,539,PS,,,NA,NA,,,,,,,,
D_9_GIT,D,D9,GIT,Maddy,540,PS,,,NA,NA,,,,,,,,
D_9_GIT,D,D9,GIT,Maddy,541,PS,,,NA,NA,,,,,,,,
D_9_GIT,D,D9,GIT,Maddy,542,PS,,,NA,NA,,,,,,,,
D_9_GIT,D,D9,GIT,Maddy,543,PS,,,NA,NA,,,,,,,,
D_9_GIT,D,D9,GIT,Maddy,544,PS,,,NA,NA,,,,,,,,
D_9_GIT,D,D9,GIT,Maddy,545,PS,,,NA,NA,,,,,,,,
D_9_GIT,D,D9,GIT,Maddy,546,PS,,,NA,NA,,,,,,,,
D_9_GIT,D,D9,GIT,Maddy,547,PS,,,NA,NA,,,,,,,,
D_9_GIT,D,D9,GIT,Maddy,548,PS,,,NA,NA,,,,,,,,
D_9_GIT,D,D9,GIT,Maddy,549,PS,,,NA,NA,,,,,,,,
D_9_GIT,D,D9,GIT,Maddy,550,PS,,,NA,NA,,,,,,,,
D_9_GIT,D,D9,GIT,Maddy,551,PS,,,NA,NA,,,,,,,,
D_9_GIT,D,D9,GIT,Maddy,552,unknown,,,NA,NA,,,,,,,,
D_9_GIT,D,D9,GIT,Maddy,553,unknown,,,NA,NA,,,,,,,,
D_9_GIT,D,D9,GIT,Maddy,554,unknown,,,NA,NA,,,,,,,,
D_9_L,D,D9,Liver,Mira,1,PE,,Mira,FTIR,PE,,,Mira,0.149,0.074,D_9_L_1,,2.013513514
E_10_F,E,E10,Fillet,Mira,1,PS,"Very thin, almost film",Mira,FTIR,PP,,,Mira,0.276,0.15,E_10_F_1,,1.84
E_10_G,E,E10,Gill,,NA,NA,,,NA,NA,,,,,,,,
E_10_GIT,E,E10,GIT,,NA,NA,,,NA,NA,,,,,,,,
E_10_L,E,E10,Liver,,NA,NA,,,NA,NA,,,,,,,,
E_11_F,E,E11,Fillet,,NA,NA,,,NA,NA,,,,,,,,
E_11_G,E,E11,Gill,Mira,1,unknown,,Mira,FTIR,PE other,"Clearly blue in the picture, not ELA plastic",yes,Mira,0.193,0.213,E_11_G_1,,0.906103286
E_11_GIT,E,E11,GIT,Mira,1,PS,,Gloria,Raman,PS,,,Mira,0.428,0.271,E_11_GIT_1,,1.579335793
E_11_L,E,E11,Liver,,NA,NA,,,NA,NA,,,,,,,,
E_12_F,E,E12,Fillet,,NA,NA,,,NA,NA,,,,,,,,
E_12_G,E,E12,Gill,,NA,NA,,,NA,NA,,,,,,,,
E_12_GIT,E,E12,GIT,,NA,NA,,,NA,NA,,,,,,,,
E_12_L,E,E12,Liver,,NA,NA,,,NA,NA,,,,,,,,
E_2_F,E,E2,Fillet,,NA,NA,,,NA,NA,,,,,,,,
E_2_G,E,E2,Gill,,NA,NA,,,NA,NA,,,,,,,,
E_2_GIT,E,E2,GIT,Mira,1,PE,Squishy - more so than usual,Gloria,Raman,PE,,,Mira,0.338,0.198,E_2_GIT_1,,1.707070707
E_2_GIT,E,E2,GIT,Mira,2,PE,Squishy - more so than usual,Gloria,Raman,PE,,,Mira,0.466,0.168,E_2_GIT_2,,2.773809524
E_2_L,E,E2,Liver,,NA,NA,,,NA,NA,,,,,,,,
E_9_F,E,E9,Fillet,Mira,1,unknown,"Don't look like ELA plastic, but unsure",Mira,FTIR,Cellulosic,,,Mira,0.439,0.221,E_9_F_1,,1.986425339
E_9_F,E,E9,Fillet,Mira,2,unknown,"Don't look like ELA plastic, but unsure",Mira,FTIR,Fibrose viscose dyed,,,Mira,0.359,0.376,E_9_F_2,,0.954787234
E_9_G,E,E9,Gill,,NA,NA,,,NA,NA,,,,,,,,
E_9_GIT,E,E9,GIT,,NA,NA,,,NA,NA,,,,,,,,
E_9_L,E,E9,Liver,Mira,1,PS,,Mira,FTIR,Unknown,,,Mira,0.119,0.077,E_9_L_1,,1.545454545
F_6_F,F,F6,Fillet,,NA,NA,,,NA,NA,,,,,,,,
F_6_G,F,F6,Gill,,NA,NA,,,NA,NA,,,,,,,,
F_6_GIT,F,F6,GIT,Garth,1,unknown,likely not an ELA plastic,Garth,Raman,Cellulosic,,,Mira,1.063,0.044,F_6_GIT_1,,24.15909091
F_6_L,F,F6,Liver,,NA,NA,,,NA,NA,,,,,,,,
F_7_F,F,F7,Fillet,Mira,1,PS,,Gloria,Raman,PP,,,Mira,0.139,0.067,F_7_F_1,,2.074626866
F_7_F,F,F7,Fillet,Mira,2,PS,,Gloria,Raman,PP,,,Mira,0.283,0.146,F_7_F_2,,1.938356164
F_7_F,F,F7,Fillet,Mira,3,PS,,Gloria,Raman,PP,,,Mira,0.195,0.074,F_7_F_3,,2.635135135
F_7_F,F,F7,Fillet,Mira,4,PS,,Gloria,Raman,PP,,,Mira,0.179,0.7,F_7_F_4,,0.255714286
F_7_F,F,F7,Fillet,Mira,5,PS,,Gloria,Raman,PP,,,Mira,0.184,0.09,F_7_F_5,,2.044444444
F_7_F,F,F7,Fillet,Mira,6,PS,,Gloria,Raman,PP,,,Mira,0.152,0.097,F_7_F_6,,1.567010309
F_7_F,F,F7,Fillet,Mira,7,PS,,Gloria,Raman,PP,,,Mira,0.142,0.087,F_7_F_7,,1.632183908
F_7_F,F,F7,Fillet,Mira,8,PS,,Mira,FTIR,PP,,,Mira,0.272,0.189,F_7_F_8,,1.439153439
F_7_F,F,F7,Fillet,Mira,9,unknown,,Gloria,Raman,PP,,,Mira,0.202,0.103,F_7_F_9,,1.961165049
F_7_F,F,F7,Fillet,Mira,10,PS,,Gloria,Raman,PP,,,Mira,0.178,0.098,F_7_F_10,,1.816326531
F_7_F,F,F7,Fillet,Mira,11,PS,,Gloria,Raman,PP,,,Mira,0.217,0.037,F_7_F_11,,5.864864865
F_7_F,F,F7,Fillet,Mira,12,PS,All were small like the picked particles,,NA,NA,,,,,,,,
F_7_F,F,F7,Fillet,Mira,13,PS,All were small like the picked particles,,NA,NA,,,,,,,,
F_7_F,F,F7,Fillet,Mira,14,PS,All were small like the picked particles,,NA,NA,,,,,,,,
F_7_F,F,F7,Fillet,Mira,15,PS,All were small like the picked particles,,NA,NA,,,,,,,,
F_7_F,F,F7,Fillet,Mira,16,PS,All were small like the picked particles,,NA,NA,,,,,,,,
F_7_F,F,F7,Fillet,Mira,17,PS,All were small like the picked particles,,NA,NA,,,,,,,,
F_7_F,F,F7,Fillet,Mira,18,PS,All were small like the picked particles,,NA,NA,,,,,,,,
F_7_F,F,F7,Fillet,Mira,19,PS,All were small like the picked particles,,NA,NA,,,,,,,,
F_7_F,F,F7,Fillet,Mira,20,PS,All were small like the picked particles,,NA,NA,,,,,,,,
F_7_F,F,F7,Fillet,Mira,21,PS,All were small like the picked particles,,NA,NA,,,,,,,,
F_7_F,F,F7,Fillet,Mira,22,PS,All were small like the picked particles,,NA,NA,,,,,,,,
F_7_G,F,F7,Gill,,NA,NA,,,NA,NA,,,,,,,,
F_7_GIT,F,F7,GIT,Mira,1,PS,,Gloria,Raman,PS,,,Mira,0.207,0.198,F_7_GIT_1,,1.045454545
F_7_L,F,F7,Liver,,NA,NA,,,NA,NA,,,,,,,,
G_12_F,G,G12,Fillet,Mira,1,PS,,Mira,FTIR,PS,,,Mira,0.179,0.121,G_12_F_1,,1.479338843
G_12_F,G,G12,Fillet,Mira,2,PS,Unsure if ELA - Looked like film,Mira,FTIR,PP,,,Mira,0.23,0.118,G_12_F_2,,1.949152542
G_12_G,G,G12,Gill,Mira,1,PS,,Mira,FTIR,PS,,,Mira,0.403,0.27,G_12_G_1,,1.492592593
G_12_G,G,G12,Gill,Mira,2,PE,,Mira,FTIR,PE,,,Mira,0.48,0.264,G_12_G_2,,1.818181818
G_12_G,G,G12,Gill,Mira,3,unknown,,Mira,FTIR,PET,,,Mira,0.143,0.094,G_12_G_3,,1.521276596
G_12_G,G,G12,Gill,Mira,4,PS,,Mira,FTIR,PS,,,Mira,0.695,0.244,G_12_G_4,,2.848360656
G_12_G,G,G12,Gill,Mira,5,unknown,,Mira,FTIR,PS,,,Mira,0.176,0.131,G_12_G_5,,1.34351145
G_12_G,G,G12,Gill,Mira,6,unknown,,Mira,FTIR,PS,,,Mira,0.211,0.181,G_12_G_6,,1.165745856
G_12_G,G,G12,Gill,Mira,7,PS,,Mira,FTIR,PS,,,Mira,0.254,0.192,G_12_G_7,,1.322916667
G_12_G,G,G12,Gill,Mira,8,unknown,,Mira,FTIR,PET,,,Mira,0.263,0.136,G_12_G_8,,1.933823529
G_12_G,G,G12,Gill,Mira,9,PE,,Mira,FTIR,PE,,,Mira,0.285,0.128,G_12_G_9,,2.2265625
G_12_G,G,G12,Gill,Mira,10,PS,,Mira,FTIR,PS,,,Mira,0.169,0.14,G_12_G_10,,1.207142857
G_12_G,G,G12,Gill,Mira,11,unknown,,Mira,FTIR,PET,,,Mira,0.31,0.233,G_12_G_11,,1.330472103
G_12_G,G,G12,Gill,Mira,12,unknown,,Mira,FTIR,PET,,,Mira,0.677,0.304,G_12_G_12,,2.226973684
G_12_G,G,G12,Gill,Mira,13,PS,,Mira,FTIR,PS,,,Mira,0.438,0.252,G_12_G_13,,1.738095238
G_12_G,G,G12,Gill,Mira,14,PS,,Mira,FTIR,PS,,,Mira,0.441,0.241,G_12_G_14,,1.829875519
G_12_G,G,G12,Gill,Mira,15,unknown,,Mira,FTIR,PET,Polyester,,Mira,0.302,0.224,G_12_G_15,,1.348214286
G_12_G,G,G12,Gill,Mira,16,unknown,,Mira,FTIR,PET,,,Mira,0.301,0.113,G_12_G_16,,2.663716814
G_12_G,G,G12,Gill,Mira,17,PE,,Mira,FTIR,PE,,,Mira,0.267,0.135,G_12_G_17,,1.977777778
G_12_G,G,G12,Gill,Mira,18,PS,,Mira,FTIR,PS,,,Mira,0.175,0.092,G_12_G_18,,1.902173913
G_12_G,G,G12,Gill,Mira,19,PE,,Mira,FTIR,PE,,,Mira,0.262,0.147,G_12_G_19,,1.782312925
G_12_G,G,G12,Gill,Mira,20,PS,,Mira,FTIR,PS,,,Mira,0.167,0.153,G_12_G_20,,1.091503268
G_12_G,G,G12,Gill,Mira,21,PS,,Mira,FTIR,PS,,,Mira,0.273,0.169,G_12_G_21,,1.615384615
G_12_G,G,G12,Gill,Mira,22,unknown,,Mira,FTIR,PET,,,Mira,0.181,0.104,G_12_G_22,,1.740384615
G_12_G,G,G12,Gill,Mira,23,unknown,,Mira,FTIR,PET,,,Mira,0.222,0.111,G_12_G_23,,2
G_12_G,G,G12,Gill,Mira,24,PE,,Mira,FTIR,PE,,,Mira,0.347,0.279,G_12_G_24,,1.243727599
G_12_G,G,G12,Gill,Mira,25,PS,,Gloria,Raman,PS,too small - squished,,Mira,0.122,0.091,G_12_G_25,,1.340659341
G_12_G,G,G12,Gill,Mira,26,PE,,Mira,FTIR,PE,,,Mira,0.538,0.199,G_12_G_26,,2.703517588
G_12_G,G,G12,Gill,Mira,27,PE,,Mira,FTIR,PE,,,Mira,0.741,0.087,G_12_G_27,,8.517241379
G_12_G,G,G12,Gill,Mira,28,PE,,Mira,FTIR,PE,,,Mira,0.111,0.088,G_12_G_28,,1.261363636
G_12_G,G,G12,Gill,Mira,29,PE,,Mira,FTIR,PE,,,Mira,0.759,0.187,G_12_G_29,,4.058823529
G_12_G,G,G12,Gill,Mira,30,PE,,Mira,FTIR,PE,,,Mira,0.308,0.173,G_12_G_30,,1.780346821
G_12_G,G,G12,Gill,Mira,31,unknown,,,NA,NA,,,,,,,,
G_12_G,G,G12,Gill,Mira,32,unknown,,,NA,NA,,,,,,,,
G_12_G,G,G12,Gill,Mira,33,unknown,,,NA,NA,,,,,,,,
G_12_G,G,G12,Gill,Mira,34,unknown,,,NA,NA,,,,,,,,
G_12_G,G,G12,Gill,Mira,35,unknown,,,NA,NA,,,,,,,,
G_12_G,G,G12,Gill,Mira,36,unknown,,,NA,NA,,,,,,,,
G_12_G,G,G12,Gill,Mira,37,unknown,,,NA,NA,,,,,,,,
G_12_G,G,G12,Gill,Mira,38,unknown,,,NA,NA,,,,,,,,
G_12_G,G,G12,Gill,Mira,39,PS,,,NA,NA,,,,,,,,
G_12_G,G,G12,Gill,Mira,40,PS,,,NA,NA,,,,,,,,
G_12_G,G,G12,Gill,Mira,41,PS,,,NA,NA,,,,,,,,
G_12_G,G,G12,Gill,Mira,42,PS,,,NA,NA,,,,,,,,
G_12_GIT,G,G12,GIT,Mira,1,PS,,Gloria,Raman,PS,,,Mira,0.189,0.126,G_12_GIT_1,,1.5
G_12_GIT,G,G12,GIT,Mira,2,PS,,Gloria,Raman,PS,,,Mira,0.478,0.331,G_12_GIT_2,,1.444108761
G_12_GIT,G,G12,GIT,Mira,3,PS,,Gloria,Raman,PS,,,Mira,0.795,0.338,G_12_GIT_3,,2.352071006
G_12_GIT,G,G12,GIT,Mira,4,PS,,Gloria,Raman,PS,,,Mira,0.253,0.16,G_12_GIT_4,,1.58125
G_12_GIT,G,G12,GIT,Mira,5,PS,,Gloria,Raman,PS,,,Mira,0.407,0.202,G_12_GIT_5,,2.014851485
G_12_GIT,G,G12,GIT,Mira,6,PS,very small and mostly clear,Gloria,Raman,PS,,,Mira,0.102,0.098,G_12_GIT_6,,1.040816327
G_12_GIT,G,G12,GIT,Mira,7,PS,,Gloria,Raman,PS,,,Mira,0.122,0.073,G_12_GIT_7,,1.671232877
G_12_GIT,G,G12,GIT,Mira,8,PS,,Gloria,Raman,PS,,,Mira,0.172,0.097,G_12_GIT_8,,1.773195876
G_12_L,G,G12,Liver,Mira,1,PS,,Mira,FTIR,PS,,,Mira,0.298,0.19,G_12_L_1,,1.568421053
G_13_F,G,G13,Fillet,Mira,1,PE,,Mira,FTIR,PE,,,Mira,0.289,0.185,G_13_F_1,,1.562162162
G_13_F,G,G13,Fillet,Mira,2,unknown,,Mira,FTIR,PE other,"Clearly blue in the picture, not ELA plastic",yes,Mira,0.299,0.141,G_13_F_2,,2.120567376
G_13_F,G,G13,Fillet,Mira,3,PE,,Mira,FTIR,PE,,,Mira,0.325,0.203,G_13_F_3,,1.600985222
G_13_F,G,G13,Fillet,Mira,4,PS,,Mira,FTIR,PS,,,Mira,0.222,0.185,G_13_F_4,,1.2
G_13_F,G,G13,Fillet,Mira,5,PS,,Mira,FTIR,PS,,,Mira,0.214,0.185,G_13_F_5,,1.156756757
G_13_G,G,G13,Gill,Mira,1,unknown,,Mira,FTIR,PET,,,Mira,0.396,0.345,G_13_G_1,,1.147826087
G_13_G,G,G13,Gill,Mira,2,unknown,,Mira,FTIR,PET,,,Mira,0.21,0.105,G_13_G_2,,2
G_13_G,G,G13,Gill,Mira,3,unknown,,Mira,FTIR,PET,,,Mira,0.152,0.166,G_13_G_3,,0.915662651
G_13_G,G,G13,Gill,Mira,4,PS,,Mira,FTIR,Unknown,,,Mira,0.175,0.141,G_13_G_4,,1.241134752
G_13_G,G,G13,Gill,Mira,5,unknown,,Mira,FTIR,PET,,,Mira,0.53,0.264,G_13_G_5,,2.007575758
G_13_G,G,G13,Gill,Mira,6,unknown,,Mira,FTIR,PET,,,Mira,0.422,0.256,G_13_G_6,,1.6484375
G_13_G,G,G13,Gill,Mira,7,PS,,Mira,FTIR,PS,,,Mira,0.414,0.399,G_13_G_7,,1.037593985
G_13_G,G,G13,Gill,Mira,8,PS,,Mira,FTIR,PS,,,Mira,0.348,0.158,G_13_G_8,,2.202531646
G_13_G,G,G13,Gill,Mira,9,unknown,,Mira,FTIR,PET,,,Mira,0.251,0.123,G_13_G_9,,2.040650407
G_13_G,G,G13,Gill,Mira,10,unknown,,Mira,FTIR,PET,,,Mira,0.381,0.242,G_13_G_10,,1.574380165
G_13_G,G,G13,Gill,Mira,11,PS,,Mira,FTIR,PS,,,Mira,0.306,0.211,G_13_G_11,,1.450236967
G_13_G,G,G13,Gill,Mira,12,unknown,,Mira,FTIR,PET,,,Mira,1.055,0.368,G_13_G_12,,2.866847826
G_13_G,G,G13,Gill,Mira,13,PS,,Mira,FTIR,PS,,,Mira,0.415,0.228,G_13_G_13,,1.820175439
G_13_G,G,G13,Gill,Mira,14,unknown,,Mira,FTIR,PET,,,Mira,0.64,0.379,G_13_G_14,,1.688654354
G_13_G,G,G13,Gill,Mira,15,PE,,Mira,FTIR,PE,,,Mira,0.449,0.227,G_13_G_15,,1.977973568
G_13_G,G,G13,Gill,Mira,16,PE,,Mira,FTIR,PE,,,Mira,0.461,0.252,G_13_G_16,,1.829365079
G_13_G,G,G13,Gill,Mira,17,PE,,Mira,FTIR,PE,,,Mira,0.192,0.113,G_13_G_17,,1.699115044
G_13_G,G,G13,Gill,Mira,18,PS,,Mira,FTIR,PS,,,Mira,0.281,0.157,G_13_G_18,,1.789808917
G_13_G,G,G13,Gill,Mira,19,unknown,,Mira,FTIR,PET,,,Mira,0.361,0.223,G_13_G_19,,1.618834081
G_13_G,G,G13,Gill,Mira,20,PS,,Mira,FTIR,PS,,,Mira,0.374,0.278,G_13_G_20,,1.345323741
G_13_G,G,G13,Gill,Mira,21,PS,,Gloria,Raman,PS,,,Mira,0.491,0.437,G_13_G_21,,1.123569794
G_13_G,G,G13,Gill,Mira,22,PS,,Mira,FTIR,PS,,,Mira,0.198,0.168,G_13_G_22,,1.178571429
G_13_G,G,G13,Gill,Mira,23,PS,,Mira,FTIR,PS,,,Mira,0.199,0.181,G_13_G_23,,1.099447514
G_13_G,G,G13,Gill,Mira,24,PE,,Mira,FTIR,PE,,,Mira,0.288,0.157,G_13_G_24,,1.834394904
G_13_G,G,G13,Gill,Mira,25,PE,,Mira,FTIR,PE,,,Mira,0.48,0.182,G_13_G_25,,2.637362637
G_13_G,G,G13,Gill,Mira,26,PE,,Mira,FTIR,PE,,,Mira,0.252,0.113,G_13_G_26,,2.230088496
G_13_G,G,G13,Gill,Mira,27,PE,,Mira,FTIR,Unknown,,,Mira,0.215,0.079,G_13_G_27,,2.721518987
G_13_G,G,G13,Gill,Mira,28,PE,,Mira,FTIR,PE,,,Mira,0.163,0.151,G_13_G_28,,1.079470199
G_13_G,G,G13,Gill,Mira,29,PE,,Mira,FTIR,PE,,,Mira,0.263,0.171,G_13_G_29,,1.538011696
G_13_G,G,G13,Gill,Mira,30,PE,,Mira,FTIR,PE,,,Mira,0.208,0.136,G_13_G_30,,1.529411765
G_13_G,G,G13,Gill,Mira,31,PS,,,NA,NA,,,,,,,,
G_13_G,G,G13,Gill,Mira,32,PS,,,NA,NA,,,,,,,,
G_13_G,G,G13,Gill,Mira,33,PS,,,NA,NA,,,,,,,,
G_13_G,G,G13,Gill,Mira,34,PS,,,NA,NA,,,,,,,,
G_13_G,G,G13,Gill,Mira,35,PS,,,NA,NA,,,,,,,,
G_13_G,G,G13,Gill,Mira,36,PS,,,NA,NA,,,,,,,,
G_13_G,G,G13,Gill,Mira,37,PS,,,NA,NA,,,,,,,,
G_13_G,G,G13,Gill,Mira,38,PS,,,NA,NA,,,,,,,,
G_13_G,G,G13,Gill,Mira,39,PS,,,NA,NA,,,,,,,,
G_13_G,G,G13,Gill,Mira,40,PS,,,NA,NA,,,,,,,,
G_13_G,G,G13,Gill,Mira,41,PS,,,NA,NA,,,,,,,,
G_13_G,G,G13,Gill,Mira,42,PE,,,NA,NA,,,,,,,,
G_13_G,G,G13,Gill,Mira,43,PE,,,NA,NA,,,,,,,,
G_13_G,G,G13,Gill,Mira,44,PE,,,NA,NA,,,,,,,,
G_13_G,G,G13,Gill,Mira,45,PE,,,NA,NA,,,,,,,,
G_13_G,G,G13,Gill,Mira,46,PE,,,NA,NA,,,,,,,,
G_13_G,G,G13,Gill,Mira,47,unknown,,,NA,NA,,,,,,,,
G_13_G,G,G13,Gill,Mira,48,unknown,,,NA,NA,,,,,,,,
G_13_G,G,G13,Gill,Mira,49,unknown,,,NA,NA,,,,,,,,
G_13_G,G,G13,Gill,Mira,50,unknown,,,NA,NA,,,,,,,,
G_13_G,G,G13,Gill,Mira,51,unknown,,,NA,NA,,,,,,,,
G_13_G,G,G13,Gill,Mira,52,unknown,,,NA,NA,,,,,,,,
G_13_G,G,G13,Gill,Mira,53,unknown,,,NA,NA,,,,,,,,
G_13_G,G,G13,Gill,Mira,54,unknown,,,NA,NA,,,,,,,,
G_13_G,G,G13,Gill,Mira,55,unknown,,,NA,NA,,,,,,,,
G_13_G,G,G13,Gill,Mira,56,unknown,,,NA,NA,,,,,,,,
G_13_G,G,G13,Gill,Mira,57,unknown,,,NA,NA,,,,,,,,
G_13_G,G,G13,Gill,Mira,58,unknown,,,NA,NA,,,,,,,,
G_13_G,G,G13,Gill,Mira,59,unknown,,,NA,NA,,,,,,,,
G_13_G,G,G13,Gill,Mira,60,unknown,,,NA,NA,,,,,,,,
G_13_G,G,G13,Gill,Mira,61,unknown,,,NA,NA,,,,,,,,
G_13_G,G,G13,Gill,Mira,62,unknown,,,NA,NA,,,,,,,,
G_13_G,G,G13,Gill,Mira,63,unknown,,,NA,NA,,,,,,,,
G_13_G,G,G13,Gill,Mira,64,unknown,,,NA,NA,,,,,,,,
G_13_G,G,G13,Gill,Mira,65,unknown,,,NA,NA,,,,,,,,
G_13_G,G,G13,Gill,Mira,66,unknown,,,NA,NA,,,,,,,,
G_13_G,G,G13,Gill,Mira,67,unknown,,,NA,NA,,,,,,,,
G_13_G,G,G13,Gill,Mira,68,unknown,,,NA,NA,,,,,,,,
G_13_G,G,G13,Gill,Mira,69,unknown,,,NA,NA,,,,,,,,
G_13_G,G,G13,Gill,Mira,70,unknown,,,NA,NA,,,,,,,,
G_13_G,G,G13,Gill,Mira,71,unknown,,,NA,NA,,,,,,,,
G_13_G,G,G13,Gill,Mira,72,unknown,,,NA,NA,,,,,,,,
G_13_G,G,G13,Gill,Mira,73,unknown,,,NA,NA,,,,,,,,
G_13_G,G,G13,Gill,Mira,74,unknown,,,NA,NA,,,,,,,,
G_13_G,G,G13,Gill,Mira,75,unknown,,,NA,NA,,,,,,,,
G_13_G,G,G13,Gill,Mira,76,unknown,,,NA,NA,,,,,,,,
G_13_G,G,G13,Gill,Mira,77,unknown,,,NA,NA,,,,,,,,
G_13_G,G,G13,Gill,Mira,78,unknown,,,NA,NA,,,,,,,,
G_13_G,G,G13,Gill,Mira,79,unknown,,,NA,NA,,,,,,,,
G_13_G,G,G13,Gill,Mira,80,unknown,,,NA,NA,,,,,,,,
G_13_G,G,G13,Gill,Mira,81,unknown,,,NA,NA,,,,,,,,
G_13_G,G,G13,Gill,Mira,82,unknown,,,NA,NA,,,,,,,,
G_13_G,G,G13,Gill,Mira,83,unknown,,,NA,NA,,,,,,,,
G_13_G,G,G13,Gill,Mira,84,unknown,,,NA,NA,,,,,,,,
G_13_G,G,G13,Gill,Mira,85,unknown,,,NA,NA,,,,,,,,
G_13_G,G,G13,Gill,Mira,86,unknown,,,NA,NA,,,,,,,,
G_13_G,G,G13,Gill,Mira,87,unknown,,,NA,NA,,,,,,,,
G_13_G,G,G13,Gill,Mira,88,unknown,,,NA,NA,,,,,,,,
G_13_G,G,G13,Gill,Mira,89,unknown,,,NA,NA,,,,,,,,
G_13_G,G,G13,Gill,Mira,90,unknown,,,NA,NA,,,,,,,,
G_13_G,G,G13,Gill,Mira,91,unknown,,,NA,NA,,,,,,,,
G_13_G,G,G13,Gill,Mira,92,unknown,,,NA,NA,,,,,,,,
G_13_G,G,G13,Gill,Mira,93,unknown,,,NA,NA,,,,,,,,
G_13_G,G,G13,Gill,Mira,94,unknown,,,NA,NA,,,,,,,,
G_13_GIT,G,G13,GIT,Mira,1,PE,,Gloria,Raman,PE,,,Mira,0.47,0.393,G_13_GIT_1,,1.195928753
G_13_GIT,G,G13,GIT,Mira,2,PS,,Gloria,Raman,PS,,,Mira,0.125,0.107,G_13_GIT_2,,1.168224299
G_13_GIT,G,G13,GIT,Mira,3,PE,,Gloria,Raman,PE,,,Mira,0.231,0.522,G_13_GIT_3,,0.442528736
G_13_GIT,G,G13,GIT,Mira,4,PE,,Gloria,Raman,PE,,,Mira,0.289,0.07,G_13_GIT_4,,4.128571429
G_13_GIT,G,G13,GIT,Mira,5,PE,,Gloria,Raman,PE,,,Mira,0.61,0.273,G_13_GIT_5,,2.234432234
G_13_GIT,G,G13,GIT,Mira,6,PS,,Gloria,Raman,PS,,,Mira,0.186,0.165,G_13_GIT_6,,1.127272727
G_13_GIT,G,G13,GIT,Mira,7,PE,,Gloria,Raman,PE,,,Mira,0.246,0.139,G_13_GIT_7,,1.769784173
G_13_GIT,G,G13,GIT,Mira,8,PE,,Gloria,Raman,PE,,,Mira,0.151,0.104,G_13_GIT_8,,1.451923077
G_13_GIT,G,G13,GIT,Mira,9,PS,,Gloria,Raman,PS,,,Mira,0.341,0.335,G_13_GIT_9,,1.017910448
G_13_GIT,G,G13,GIT,Mira,10,PS,,Gloria,Raman,PS,,,Mira,0.736,0.504,G_13_GIT_10,,1.46031746
G_13_GIT,G,G13,GIT,Mira,11,PS,,Gloria,Raman,PS,,,Mira,0.456,0.32,G_13_GIT_11,,1.425
G_13_GIT,G,G13,GIT,Mira,12,PE,,Gloria,Raman,PE,,,Mira,0.165,0.131,G_13_GIT_12,,1.259541985
G_13_GIT,G,G13,GIT,Mira,13,PE,,Gloria,Raman,PE,,,Mira,0.295,0.169,G_13_GIT_13,,1.74556213
G_13_GIT,G,G13,GIT,Mira,14,PE,,Gloria,Raman,PE,,,Mira,0.764,0.263,G_13_GIT_14,,2.904942966
G_13_GIT,G,G13,GIT,Mira,15,PE,,Gloria,Raman,PE,,,Mira,0.281,0.113,G_13_GIT_15,,2.486725664
G_13_GIT,G,G13,GIT,Mira,16,PE,,Gloria,Raman,PE,,,Mira,0.322,0.176,G_13_GIT_16,,1.829545455
G_13_GIT,G,G13,GIT,Mira,17,PE,,Gloria,Raman,PE,,,Mira,0.34,0.313,G_13_GIT_17,,1.086261981
G_13_GIT,G,G13,GIT,Mira,18,PS,,Gloria,Raman,PS,,,Mira,0.206,0.194,G_13_GIT_18,,1.06185567
G_13_GIT,G,G13,GIT,Mira,19,PE,,Gloria,Raman,PE,,,Mira,1.215,0.165,G_13_GIT_19,,7.363636364
G_13_GIT,G,G13,GIT,Mira,20,PE,,Gloria,Raman,PE,,,Mira,0.608,0.435,G_13_GIT_20,,1.397701149
G_13_GIT,G,G13,GIT,Mira,21,PE,,Gloria,Raman,PE,,,Mira,0.383,0.203,G_13_GIT_21,,1.886699507
G_13_GIT,G,G13,GIT,Mira,22,PE,,Gloria,Raman,PE,,,Mira,0.323,0.282,G_13_GIT_22,,1.145390071
G_13_GIT,G,G13,GIT,Mira,23,PS,,Gloria,Raman,PS,,,Mira,0.164,0.156,G_13_GIT_23,,1.051282051
G_13_GIT,G,G13,GIT,Mira,24,PE,,Gloria,Raman,Mineral,not ELA plastic,,Mira,0.139,0.137,G_13_GIT_24,,1.01459854
G_13_L,G,G13,Liver,,NA,NA,,,NA,NA,,,,,,,,
G_9_F,G,G9,Fillet,,NA,NA,,,NA,NA,,,,,,,,
G_9_G,G,G9,Gill,Mira,1,PS,,Mira,FTIR,PS,,,Mira,0.328,0.287,G_9_G_1,,1.142857143
G_9_GIT,G,G9,GIT,Garth,1,PS,,Garth,Raman,PS,,,Mira,0.555,0.419,G_9_GIT_1,,1.324582339
G_9_L,G,G9,Liver,Mira,1,PS,,Gloria,Raman,PS,squished by FTIR,,Mira,0.116,0.081,G_9_L_1,,1.432098765
G_9_L,G,G9,Liver,Mira,2,PE,,Mira,FTIR,Polyethyl acrylate,,,Mira,0.134,0.132,G_9_L_2,,1.015151515
H_1_G,H,H1,Gill,,NA,NA,,,NA,NA,,,,,,,,
H_1_GIT,H,H1,GIT,,NA,NA,,,NA,NA,,,,,,,,
H_1_L,H,H1,Liver,Mira,1,unknown,Looked squished,Gloria,Raman,PP,"low lit quality, not ELA particle",,Mira,0.271,0.177,H_1_L_1,,1.531073446
H_11_F,H,H11,Fillet,Mira,1,PS,,Mira,FTIR,PE,,,Mira,0.813,0.098,H_11_F_1,,8.295918367
H_11_G,H,H11,Gill,,NA,NA,,,NA,NA,,,,,,,,
H_11_GIT,H,H11,GIT,Garth,1,PE,,Garth,Raman,PE,,,Mira,0.239,0.12,H_11_GIT_1,,1.991666667
H_11_GIT,H,H11,GIT,Garth,2,PE,,Garth,Raman,PE,,,Mira,0.572,0.374,H_11_GIT_2,,1.529411765
H_11_GIT,H,H11,GIT,Garth,3,PE,,Garth,Raman,PE,,,Mira,0.468,0.392,H_11_GIT_3,,1.193877551
H_11_GIT,H,H11,GIT,Garth,4,PE,,Garth,Raman,PE,,,Mira,0.784,0.349,H_11_GIT_4,,2.246418338
H_11_GIT,H,H11,GIT,Garth,5,PE,,Garth,Raman,PE,,,Mira,0.641,0.589,H_11_GIT_5,,1.088285229
H_11_GIT,H,H11,GIT,Garth,6,PE,,Garth,Raman,PE,,,Mira,0.767,0.258,H_11_GIT_6,,2.972868217
H_11_GIT,H,H11,GIT,Garth,7,PE,,Garth,Raman,PE,,,Mira,0.457,0.214,H_11_GIT_7,,2.135514019
H_11_GIT,H,H11,GIT,Garth,8,PE,,Garth,Raman,PE,,,Mira,0.605,0.427,H_11_GIT_8,,1.416861827
H_11_GIT,H,H11,GIT,Garth,9,PE,,Garth,Raman,PE,,,Mira,0.468,0.317,H_11_GIT_9,,1.476340694
H_11_GIT,H,H11,GIT,Garth,10,PE,,Garth,Raman,PE,,,Mira,0.395,0.144,H_11_GIT_10,,2.743055556
H_11_GIT,H,H11,GIT,Garth,11,PE,,Garth,Raman,PP,,,Mira,1.132,0.065,H_11_GIT_11,,17.41538462
H_11_L,H,H11,Liver,Mira,1,unknown,Unsure if ELA Plastic,,NA,NA,Particle missing - not on tape,,,,,,,
H_13_F,H,H13,Fillet,,NA,NA,,,NA,NA,,,,,,,,
H_13_G,H,H13,Gill,,NA,NA,,,NA,NA,,,,,,,,
H_13_GIT,H,H13,GIT,Maddy,1,PE,,Garth,Raman,PE,,,Mira,0.29,0.256,H_13_GIT_1,,1.1328125
H_13_GIT,H,H13,GIT,Maddy,2,PE,,Garth,Raman,PE,,,Mira,0.231,0.169,H_13_GIT_2,,1.366863905
H_13_GIT,H,H13,GIT,Maddy,3,PE,,Garth,Raman,PE,,,Mira,0.171,0.146,H_13_GIT_3,,1.171232877
H_13_L,H,H13,Liver,,NA,NA,,,NA,NA,,,,,,,,
H_14_F,H,H14,Fillet,,NA,NA,,,NA,NA,,,,,,,,
H_14_G,H,H14,Gill,,NA,NA,,,NA,NA,,,,,,,,
H_14_GIT,H,H14,GIT,Mira,1,PE,Odd shape - unsure if plastc,Gloria,Raman,PE,,,Mira,0.303,0.233,H_14_GIT_1,,1.300429185
H_14_L,H,H14,Liver,,NA,NA,,,NA,NA,,,,,,,,
H_17_F,H,H17,Fillet,Mira,1,PE,,Gloria,Raman,PE,,,Mira,0.66,0.355,H_17_F_1,,1.85915493
H_17_G,H,H17,Gill,,NA,NA,,,NA,NA,,,,,,,,
H_17_GIT,H,H17,GIT,Mira,1,PE,Unsure if plastic,Gloria,Raman,PE,,,Mira,0.374,0.22,H_17_GIT_1,,1.7
H_17_GIT,H,H17,GIT,Mira,2,PE,,Gloria,Raman,PE,,,Mira,0.411,0.203,H_17_GIT_2,,2.024630542
H_17_GIT,H,H17,GIT,Mira,3,PE,,Gloria,Raman,PE,,,Mira,0.3,0.247,H_17_GIT_3,,1.214574899
H_17_GIT,H,H17,GIT,Mira,4,PE,,Gloria,Raman,PE,,,Mira,0.4,0.139,H_17_GIT_4,,2.877697842
H_17_GIT,H,H17,GIT,Mira,5,unknown,Looks almost white,Gloria,Raman,PET,,,Mira,0.279,0.233,H_17_GIT_5,,1.197424893
H_17_GIT,H,H17,GIT,Mira,6,PE,,Gloria,Raman,PE,,,Mira,0.151,0.107,H_17_GIT_6,,1.411214953
H_17_GIT,H,H17,GIT,Mira,7,PE,,Gloria,Raman,PE,,,Mira,0.215,0.14,H_17_GIT_7,,1.535714286
H_17_L,H,H17,Liver,,NA,NA,,,NA,NA,,,,,,,,
H_2_F,H,H2,Fillet,,NA,NA,,,NA,NA,,,,,,,,
H_2_G,H,H2,Gill,,NA,NA,,,NA,NA,,,,,,,,
H_2_GIT,H,H2,GIT,,NA,NA,,,NA,NA,,,,,,,,
H_2_L,H,H2,Liver,,NA,NA,,,NA,NA,,,,,,,,
H_3_F,H,H3,Fillet,,NA,NA,,,NA,NA,,,,,,,,
H_3_G,H,H3,Gill,,NA,NA,,,NA,NA,,,,,,,,
H_3_GIT,H,H3,GIT,Garth,1,PE,,Garth,Raman,PE,,,Mira,0.447,0.347,H_3_GIT_1,,1.288184438
H_3_GIT,H,H3,GIT,Garth,2,PE,,Garth,Raman,PE,,,Mira,0.667,0.222,H_3_GIT_2,,3.004504505
H_3_L,H,H3,Liver,,NA,NA,,,NA,NA,,,,,,,,
I_10_F,I,I10,Fillet,Mira,1,unknown,Very small,Gloria,Raman,PP,,,Mira,0.165,0.083,I_10_F_1,,1.987951807
I_10_G,I,I10,Gill,Mira,1,PE,,Mira,FTIR,PE,,,Mira,0.248,0.272,I_10_G_1,,0.911764706
I_10_G,I,I10,Gill,Mira,2,PE,Look like fiber,Gloria,Raman,PE,,,Mira,0.525,0.073,I_10_G_2,,7.191780822
I_10_G,I,I10,Gill,Mira,3,PE,Look like fiber,Gloria,Raman,PE,,,Mira,0.457,0.021,I_10_G_3,,21.76190476
I_10_G,I,I10,Gill,Mira,4,PE,Look like fiber,Gloria,Raman,PE,,,Mira,0.644,0.049,I_10_G_4,,13.14285714
I_10_GIT,I,I10,GIT,Mira,1,unknown,,Gloria,Raman,PET,,,Mira,0.496,0.298,I_10_GIT_1,,1.66442953
I_10_GIT,I,I10,GIT,Mira,2,PE,,Gloria,Raman,PE,,,Mira,0.462,0.214,I_10_GIT_2,,2.158878505
I_10_GIT,I,I10,GIT,Mira,3,PE,,Gloria,Raman,PE,,,Mira,0.766,0.152,I_10_GIT_3,,5.039473684
I_10_GIT,I,I10,GIT,Mira,4,unknown,,Gloria,Raman,PET,,,Mira,0.284,0.168,I_10_GIT_4,,1.69047619
I_10_GIT,I,I10,GIT,Mira,5,PE,,Gloria,Raman,PE,,,Mira,0.503,0.34,I_10_GIT_5,,1.479411765
I_10_GIT,I,I10,GIT,Mira,6,PS,,Gloria,Raman,PS,,,Mira,0.251,0.131,I_10_GIT_6,,1.916030534
I_10_GIT,I,I10,GIT,Mira,7,PE,,Gloria,Raman,PE,,,Mira,0.213,0.121,I_10_GIT_7,,1.760330579
I_10_GIT,I,I10,GIT,Mira,8,PE,Almost clear,Gloria,Raman,PE,,,Mira,0.302,0.195,I_10_GIT_8,,1.548717949
I_10_GIT,I,I10,GIT,Mira,9,PE,,Gloria,Raman,PE,,,Mira,0.819,0.41,I_10_GIT_9,,1.997560976
I_10_GIT,I,I10,GIT,Mira,10,PE,,Gloria,Raman,PE,,,Mira,0.315,0.177,I_10_GIT_10,The particle looked like 2 particles connected by a fragment. See photos,1.779661017
I_10_L,I,I10,Liver,,NA,NA,,,NA,NA,,,,,,,,
I_11_F,I,I11,Fillet,,NA,NA,,,NA,NA,,,,,,,,
I_11_G,I,I11,Gill,,NA,NA,,,NA,NA,,,,,,,,
I_11_GIT,I,I11,GIT,Mira,1,PE,,Gloria,Raman,PE,,,Mira,0.406,0.307,I_11_GIT_1,,1.32247557
I_11_GIT,I,I11,GIT,Mira,2,PE,slightly clear,Gloria,Raman,PE,,,Mira,0.2,0.093,I_11_GIT_2,,2.150537634
I_11_GIT,I,I11,GIT,Mira,3,PE,,Gloria,Raman,PE,,,Mira,0.337,0.242,I_11_GIT_3,,1.392561983
I_11_GIT,I,I11,GIT,Mira,4,PE,,Gloria,Raman,PE,,,Mira,0.286,0.238,I_11_GIT_4,,1.201680672
I_11_GIT,I,I11,GIT,Mira,5,PE,,Gloria,Raman,PE,,,Mira,0.352,0.304,I_11_GIT_5,,1.157894737
I_11_GIT,I,I11,GIT,Mira,6,PE,,Gloria,Raman,PE,,,Mira,0.63,0.138,I_11_GIT_6,,4.565217391
I_11_GIT,I,I11,GIT,Mira,7,PE,,Gloria,Raman,PE,,,Mira,0.162,0.126,I_11_GIT_7,,1.285714286
I_11_GIT,I,I11,GIT,Mira,8,PE,,Gloria,Raman,PE,,,mira,0.217,0.121,I_11_GIT_8,,1.79338843
I_11_GIT,I,I11,GIT,Mira,9,PE,,Gloria,Raman,PE,,,Mira,0.615,0.207,I_11_GIT_9,,2.971014493
I_11_GIT,I,I11,GIT,Mira,10,PE,,Gloria,Raman,PE,,,Mira,0.676,0.401,I_11_GIT_10,,1.685785536
I_11_L,I,I11,Liver,Mira,1,PE,Looked spiraled - like a cut during production,Mira,FTIR,PE,,,Mira,2.394,0.156,I_11_L_1,,15.34615385
I_11_L,I,I11,Liver,Mira,2,unknown,Looked like fiber,Mira,FTIR,Cellulose,,,Mira,0.782,0.022,I_11_L_2,,35.54545455
I_2_F,I,I2,Fillet,Mira,1,unknown,,Mira,FTIR,PET,,,Mira,0.759,0.326,I_2_F_1,,2.328220859
I_2_G,I,I2,Gill,Mira,1,PS,,Mira,FTIR,PS,,,Mira,0.342,0.225,I_2_G_1,,1.52
I_2_G,I,I2,Gill,Mira,2,PS,,Mira,FTIR,PS,,,Mira,0.556,0.364,I_2_G_2,,1.527472527
I_2_G,I,I2,Gill,Mira,3,PS,,Mira,FTIR,PS,,,Mira,0.386,0.155,I_2_G_3,,2.490322581
I_2_G,I,I2,Gill,Mira,4,unknown,,Mira,FTIR,PET,,,Mira,0.361,0.331,I_2_G_4,,1.090634441
I_2_G,I,I2,Gill,Mira,5,unknown,,Mira,FTIR,PS,,,Mira,0.28,0.112,I_2_G_5,,2.5
I_2_G,I,I2,Gill,Mira,6,unknown,,Mira,FTIR,PET,,,Mira,0.709,0.349,I_2_G_6,,2.031518625
I_2_G,I,I2,Gill,Mira,7,PS,,Mira,FTIR,uknown,,,Mira,1.104,0.296,I_2_G_7,,3.72972973
I_2_G,I,I2,Gill,Mira,8,PS,,Mira,FTIR,PS,,,Mira,0.598,0.383,I_2_G_8,,1.561357702
I_2_G,I,I2,Gill,Mira,9,unknown,,Mira,FTIR,PET,,,Mira,0.305,0.262,I_2_G_9,,1.164122137
I_2_G,I,I2,Gill,Mira,10,PS,,Mira,FTIR,PS,,,Mira,0.41,0.404,I_2_G_10,,1.014851485
I_2_G,I,I2,Gill,Mira,11,PE,,Mira,FTIR,PE,,,Mira,0.353,0.113,I_2_G_11,,3.123893805
I_2_G,I,I2,Gill,Mira,12,unknown,,Mira,FTIR,PET,,,Mira,0.304,0.2,I_2_G_12,,1.52
I_2_G,I,I2,Gill,Mira,13,PS,,Mira,FTIR,PS,,,Mira,0.518,0.324,I_2_G_13,,1.598765432
I_2_G,I,I2,Gill,Mira,14,PE,,Mira,FTIR,PE,,,Mira,0.392,0.254,I_2_G_14,,1.543307087
I_2_G,I,I2,Gill,Mira,15,PS,,Mira,FTIR,PS,,,Mira,0.504,0.388,I_2_G_15,,1.298969072
I_2_G,I,I2,Gill,Mira,16,unknown,,Mira,FTIR,PS,,,Mira,0.162,0.125,I_2_G_16,,1.296
I_2_G,I,I2,Gill,Mira,17,PS,,Mira,FTIR,PS,,,Mira,0.347,0.221,I_2_G_17,,1.570135747
I_2_G,I,I2,Gill,Mira,18,unknown,,Mira,FTIR,PET,,,Mira,0.684,0.24,I_2_G_18,,2.85
I_2_G,I,I2,Gill,Mira,19,PS,,Mira,FTIR,PS,,,Mira,0.37,0.329,I_2_G_19,,1.124620061
I_2_G,I,I2,Gill,Mira,20,PS,,Mira,FTIR,PS,,,Mira,0.397,0.266,I_2_G_20,,1.492481203
I_2_G,I,I2,Gill,Mira,21,PS,,Mira,FTIR,PS,,,Mira,0.476,0.3,I_2_G_21,,1.586666667
I_2_G,I,I2,Gill,Mira,22,PS,,Mira,FTIR,PS,,,Mira,0.296,0.264,I_2_G_22,,1.121212121
I_2_G,I,I2,Gill,Mira,23,PS,,Mira,FTIR,PS,,,Mira,0.325,0.222,I_2_G_23,,1.463963964
I_2_G,I,I2,Gill,Mira,24,unknown,,Mira,FTIR,PET,,,Mira,0.35,0.249,I_2_G_24,Particle was hit with the sharpie so it looks black,1.40562249
I_2_G,I,I2,Gill,Mira,25,PE,,Mira,FTIR,PE,,,Mira,0.554,0.299,I_2_G_25,,1.852842809
I_2_G,I,I2,Gill,Mira,26,PE,,Mira,FTIR,PE,,,Mira,0.284,0.093,I_2_G_26,,3.053763441
I_2_G,I,I2,Gill,Mira,27,unknown,,Mira,FTIR,PS,,,Mira,0.205,0.174,I_2_G_27,,1.17816092
I_2_G,I,I2,Gill,Mira,28,unknown,,Mira,FTIR,PS,,,Mira,0.175,0.125,I_2_G_28,,1.4
I_2_G,I,I2,Gill,Mira,29,unknown,,Mira,FTIR,PS,,,Mira,0.173,0.107,I_2_G_29,,1.61682243
I_2_G,I,I2,Gill,Mira,30,PE,,Mira,FTIR,PE,,,Mira,0.166,0.135,I_2_G_30,,1.22962963
I_2_G,I,I2,Gill,Mira,31,PS,,Mira,FTIR,PS,,,Mira,0.359,0.269,I_2_G_31,,1.334572491
I_2_G,I,I2,Gill,Mira,32,PS,,Mira,FTIR,PS,,,Mira,0.217,0.213,I_2_G_32,,1.018779343
I_2_G,I,I2,Gill,Mira,33,unknown,,Mira,FTIR,PET,,,Mira,0.313,0.234,I_2_G_33,,1.337606838
I_2_G,I,I2,Gill,Mira,34,PS,,Mira,FTIR,PS,,,Mira,0.369,0.185,I_2_G_34,,1.994594595
I_2_G,I,I2,Gill,Mira,35,unknown,,Mira,FTIR,PET,,,Mira,0.258,0.255,I_2_G_35,,1.011764706
I_2_G,I,I2,Gill,Mira,36,unknown,,Mira,FTIR,PS,,,Mira,0.168,0.169,I_2_G_36,,0.99408284
I_2_G,I,I2,Gill,Mira,37,unknown,,Mira,FTIR,PS,,,Mira,0.175,0.146,I_2_G_37,,1.198630137
I_2_G,I,I2,Gill,Mira,38,PS,,Mira,FTIR,PS,,,Mira,0.142,0.133,I_2_G_38,,1.067669173
I_2_G,I,I2,Gill,Mira,39,PE,,Mira,FTIR,PE,,,Mira,0.259,0.097,I_2_G_39,,2.670103093
I_2_G,I,I2,Gill,Mira,40,unknown,,Mira,FTIR,PET,,,Mira,0.16,0.075,I_2_G_40,,2.133333333
I_2_G,I,I2,Gill,Mira,41,unknown,,Mira,FTIR,PS,,,Mira,0.233,0.124,I_2_G_41,,1.879032258
I_2_G,I,I2,Gill,Mira,42,unknown,,Mira,FTIR,PET,,,Mira,0.197,0.127,I_2_G_42,,1.551181102
I_2_G,I,I2,Gill,Mira,43,unknown,,Mira,FTIR,PS,,,Mira,0.155,0.179,I_2_G_43,,0.865921788
I_2_G,I,I2,Gill,Mira,44,unknown,,Mira,FTIR,PS,,,Mira,0.224,0.092,I_2_G_44,,2.434782609
I_2_G,I,I2,Gill,Mira,45,unknown,,Mira,FTIR,PET,,,Mira,0.211,0.168,I_2_G_45,,1.255952381
I_2_G,I,I2,Gill,Mira,46,unknown,,Mira,FTIR,PET,,,Mira,0.181,0.112,I_2_G_46,,1.616071429
I_2_G,I,I2,Gill,Mira,47,unknown,,,NA,NA,,,,,,,,
I_2_G,I,I2,Gill,Mira,48,unknown,,,NA,NA,,,,,,,,
I_2_G,I,I2,Gill,Mira,49,unknown,,,NA,NA,,,,,,,,
I_2_G,I,I2,Gill,Mira,50,unknown,,,NA,NA,,,,,,,,
I_2_G,I,I2,Gill,Mira,51,unknown,,,NA,NA,,,,,,,,
I_2_G,I,I2,Gill,Mira,52,unknown,,,NA,NA,,,,,,,,
I_2_G,I,I2,Gill,Mira,53,unknown,,,NA,NA,,,,,,,,
I_2_G,I,I2,Gill,Mira,54,unknown,,,NA,NA,,,,,,,,
I_2_G,I,I2,Gill,Mira,55,PS,,,NA,NA,,,,,,,,
I_2_G,I,I2,Gill,Mira,56,PS,,,NA,NA,,,,,,,,
I_2_G,I,I2,Gill,Mira,57,PS,,,NA,NA,,,,,,,,
I_2_G,I,I2,Gill,Mira,58,PS,,,NA,NA,,,,,,,,
I_2_G,I,I2,Gill,Mira,59,PS,,,NA,NA,,,,,,,,
I_2_G,I,I2,Gill,Mira,60,PS,,,NA,NA,,,,,,,,
I_2_G,I,I2,Gill,Mira,61,PS,,,NA,NA,,,,,,,,
I_2_G,I,I2,Gill,Mira,62,PS,,,NA,NA,,,,,,,,
I_2_G,I,I2,Gill,Mira,63,PS,,,NA,NA,,,,,,,,
I_2_G,I,I2,Gill,Mira,64,PS,,,NA,NA,,,,,,,,
I_2_GIT,I,I2,GIT,Mira,1,PE,sharpie number is sloppy and may look like a 2,Gloria,Raman,PE,,,Mira,0.37,0.191,I_2_GIT_1,,1.937172775
I_2_L,I,I2,Liver,,NA,NA,,,NA,NA,,,,,,,,
I_3_F,I,I3,Fillet,Mira,1,PS,,Gloria,Raman,PP,,,Mira,0.158,0.163,I_3_F_1,,0.969325153
I_3_F,I,I3,Fillet,Mira,2,PS,,Gloria,Raman,PP,,,Mira,0.335,0.095,I_3_F_2,,3.526315789
I_3_F,I,I3,Fillet,Mira,3,PS,,Gloria,Raman,PP,,,Mira,0.245,0.116,I_3_F_3,,2.112068966
I_3_F,I,I3,Fillet,Mira,4,PS,,Gloria,Raman,PP,,,Mira,0.101,0.061,I_3_F_4,,1.655737705
I_3_F,I,I3,Fillet,Mira,5,PS,,Mira,FTIR,PS,,,Mira,0.493,0.323,I_3_F_5,,1.526315789
I_3_F,I,I3,Fillet,Mira,6,PS,has something yellow next to it on the tape,Gloria,Raman,PP,,,Mira,0.114,0.12,I_3_F_6,,0.95
I_3_F,I,I3,Fillet,Mira,7,PS,,Gloria,Raman,PP,,,Mira,0.219,0.112,I_3_F_7,,1.955357143
I_3_F,I,I3,Fillet,Mira,8,PS,,Gloria,Raman,unknown,,,Mira,0.16,0.068,I_3_F_8,,2.352941176
I_3_F,I,I3,Fillet,Mira,9,PS,,Gloria,Raman,PP,,,Mira,0.274,0.05,I_3_F_9,,5.48
I_3_F,I,I3,Fillet,Mira,10,PS,,Gloria,Raman,PP,,,Mira,0.245,0.141,I_3_F_10,,1.737588652
I_3_F,I,I3,Fillet,Mira,11,PS,,Gloria,Raman,PP,,,Mira,0.142,0.048,I_3_F_11,,2.958333333
I_3_F,I,I3,Fillet,Mira,12,PS,,,NA,NA,,,,,,,,
I_3_F,I,I3,Fillet,Mira,13,PS,,,NA,NA,,,,,,,,
I_3_F,I,I3,Fillet,Mira,14,PS,,,NA,NA,,,,,,,,
I_3_F,I,I3,Fillet,Mira,15,PS,,,NA,NA,,,,,,,,
I_3_F,I,I3,Fillet,Mira,16,PS,,,NA,NA,,,,,,,,
I_3_F,I,I3,Fillet,Mira,17,PS,,,NA,NA,,,,,,,,
I_3_F,I,I3,Fillet,Mira,18,PS,,,NA,NA,,,,,,,,
I_3_F,I,I3,Fillet,Mira,19,PS,,,NA,NA,,,,,,,,
I_3_F,I,I3,Fillet,Mira,20,PS,,,NA,NA,,,,,,,,
I_3_F,I,I3,Fillet,Mira,21,PS,,,NA,NA,,,,,,,,
I_3_F,I,I3,Fillet,Mira,22,PS,,,NA,NA,,,,,,,,
I_3_F,I,I3,Fillet,Mira,23,PS,,,NA,NA,,,,,,,,
I_3_F,I,I3,Fillet,Mira,24,PS,,,NA,NA,,,,,,,,
I_3_F,I,I3,Fillet,Mira,25,PS,,,NA,NA,,,,,,,,
I_3_F,I,I3,Fillet,Mira,26,PS,,,NA,NA,,,,,,,,
I_3_F,I,I3,Fillet,Mira,27,PS,,,NA,NA,,,,,,,,
I_3_F,I,I3,Fillet,Mira,28,PS,,,NA,NA,,,,,,,,
I_3_F,I,I3,Fillet,Mira,29,PS,,,NA,NA,,,,,,,,
I_3_F,I,I3,Fillet,Mira,30,PS,,,NA,NA,,,,,,,,
I_3_F,I,I3,Fillet,Mira,31,PS,,,NA,NA,,,,,,,,
I_3_G,I,I3,Gill,Mira,1,PS,,Mira,FTIR,PS,,,Mira,0.455,0.317,I_3_G_1,,1.43533123
I_3_G,I,I3,Gill,Mira,2,PS,,Mira,FTIR,PS,,,Mira,0.246,0.151,I_3_G_2,,1.629139073
I_3_G,I,I3,Gill,Mira,3,PS,,Mira,FTIR,PS,,,Mira,0.359,0.263,I_3_G_3,,1.365019011
I_3_G,I,I3,Gill,Mira,4,PE,,Mira,FTIR,PE,,,Mira,0.865,0.122,I_3_G_4,,7.090163934
I_3_G,I,I3,Gill,Mira,5,PE,,Mira,FTIR,PE,,,Mira,0.254,0.142,I_3_G_5,,1.788732394
I_3_G,I,I3,Gill,Mira,6,PS,,Mira,FTIR,PS,,,Mira,0.2,0.182,I_3_G_6,,1.098901099
I_3_G,I,I3,Gill,Mira,7,PS,,Mira,FTIR,PS,,,Mira,0.277,0.119,I_3_G_7,,2.327731092
I_3_G,I,I3,Gill,Mira,8,PS,,Mira,FTIR,PS,,,Mira,0.228,0.148,I_3_G_8,,1.540540541
I_3_GIT,I,I3,GIT,Garth,1,PE,,Garth,Raman,PE,,,Mira,0.438,0.134,I_3_GIT_1,,3.268656716
I_3_GIT,I,I3,GIT,Garth,2,PE,,Garth,Raman,PE,,,Mira,0.551,0.41,I_3_GIT_2,,1.343902439
I_3_GIT,I,I3,GIT,Garth,3,unknown,might not be PET,Garth,Raman,PE other,"Clearly blue in the picture, not ELA plastic",yes,Mira,0.2,0.177,I_3_GIT_3,,1.129943503
I_3_GIT,I,I3,GIT,Garth,4,PE,,Garth,Raman,PE,,,Mira,0.441,0.325,I_3_GIT_4,,1.356923077
I_3_L,I,I3,Liver,Mira,1,unknown,,Gloria,Raman,Quartz,,,Mira,0.111,0.074,I_3_L_1,,1.5
I_3_L,I,I3,Liver,Mira,2,PE,,Mira,FTIR,PE,,,Mira,0.223,0.138,I_3_L_2,,1.615942029
I_9_F,I,I9,Fillet,,NA,NA,,,NA,NA,,,,,,,,
I_9_G,I,I9,Gill,,NA,NA,,,NA,NA,,,,,,,,
I_9_GIT,I,I9,GIT,Garth,1,PE,,Garth,Raman,PE,,,Mira,1.563,0.101,I_9_GIT_1,,15.47524752
I_9_GIT,I,I9,GIT,Garth,2,PE,,Garth,Raman,PE,,,Mira,0.789,0.052,I_9_GIT_2,,15.17307692
I_9_L,I,I9,Liver,,NA,NA,,,NA,NA,,,,,,,,
